Nombre del espacio de vida,Especifica el espacio de vida,¿En qué ciclos agricolas cultivo esta parcela?,¿Cuantas actividades realiza en el espacio de vida?,¿Cuantas actividades realiza en el espacio de vida?,_index,parentesco,_parent_index,_submission__id,_submission__uuid,_submission__submission_time,_submission__validation_status,Municipio,¿Cuantos productos obtiene de la actividad?
Tianguis,,,1,,1,Esposa (o),118,40262765,ae975586-a52c-4ece-a91a-32342e995461,2019-11-05T18:39:55,,Cardonal,3
Milpa o Huerto,,,2,,2,Hija (o),118,40262765,ae975586-a52c-4ece-a91a-32342e995461,2019-11-05T18:39:55,,Cardonal,1
Milpa o Huerto,,,2,,3,Hija (o),119,40262889,42af81d2-8467-419d-b53a-672755575bca,2019-11-05T18:42:24,,Cardonal,5
Tianguis,,,1,,4,Infante,119,40262889,42af81d2-8467-419d-b53a-672755575bca,2019-11-05T18:42:24,,Cardonal,3
Milpa o Huerto,,,2,,5,Esposa (o),120,40262894,0f4fa8f5-b794-438a-a3a4-b423e0135558,2019-11-05T18:42:28,,Cardonal,7
Traspatio,,,1,,6,Hija (o),120,40262894,0f4fa8f5-b794-438a-a3a4-b423e0135558,2019-11-05T18:42:28,,Cardonal,3
Tianguis,,,2,,7,Nieta (o),120,40262894,0f4fa8f5-b794-438a-a3a4-b423e0135558,2019-11-05T18:42:28,,Cardonal,4
Milpa o Huerto,,,2,,8,Nieta (o),121,40262925,e3a810e4-5db5-4701-8aa1-ca867765a854,2019-11-05T18:43:21,,Cardonal,5
Tianguis,,,1,,9,Esposa (o),121,40262925,e3a810e4-5db5-4701-8aa1-ca867765a854,2019-11-05T18:43:21,,Cardonal,3
Monte,,,2,,17,Nieta (o),8,31006722,6bcc17a4-47f7-4754-b6ca-b300ee391376,2019-06-25T20:42:36,,Ixmiquilpan,1
Milpa o Huerto,,,1,,18,Nieta (o),8,31006722,6bcc17a4-47f7-4754-b6ca-b300ee391376,2019-06-25T20:42:36,,Ixmiquilpan,3
Monte,,,2,,19,Nieta (o),9,31006734,8c5fbc3e-deec-4ab3-830c-6d6a4dda7013,2019-06-25T20:42:44,,Ixmiquilpan,2
Milpa o Huerto,,,2,,20,Otro (indicar),10,31791896,11963687-1fb1-4a65-b4f9-866b9b6c2e16,2019-07-04T20:22:27,,Ixmiquilpan,7
Traspatio,,,2,,21,Hija (o),10,31791896,11963687-1fb1-4a65-b4f9-866b9b6c2e16,2019-07-04T20:22:27,,Ixmiquilpan,3
Milpa o Huerto,,,2,,22,Hija (o),11,32061325,efa4d149-15d5-4f5c-86ab-9050e303bf92,2019-07-08T18:02:06,,Ixmiquilpan,0
Traspatio,,,1,,23,Hija (o),11,32061325,efa4d149-15d5-4f5c-86ab-9050e303bf92,2019-07-08T18:02:06,,Ixmiquilpan,0
Milpa o Huerto,,,1,,24,Hija (o),12,32078212,1b50d0bf-9d5b-48ca-ad77-517c976f40a9,2019-07-08T21:17:46,,Ixmiquilpan,0
Monte,,,1,,25,Esposa (o),12,32078212,1b50d0bf-9d5b-48ca-ad77-517c976f40a9,2019-07-08T21:17:46,,Ixmiquilpan,0
Milpa o Huerto,,,2,,26,Hija (o),13,32078611,d89dbbc5-0e7f-4b79-a1da-a9ae0dd91653,2019-07-08T21:22:39,,Ixmiquilpan,0
Traspatio,,,1,,27,Hija (o),13,32078611,d89dbbc5-0e7f-4b79-a1da-a9ae0dd91653,2019-07-08T21:22:39,,Ixmiquilpan,0
Monte,,,1,,28,Hija (o),13,32078611,d89dbbc5-0e7f-4b79-a1da-a9ae0dd91653,2019-07-08T21:22:39,,Ixmiquilpan,0
Traspatio,,,1,,29,Hija (o),14,32697150,140e2a1f-8871-4f9a-b5b3-0d5fcaeaf111,2019-07-16T16:15:23,,Ixmiquilpan,0
Milpa o Huerto,,,1,,30,Hija (o),14,32697150,140e2a1f-8871-4f9a-b5b3-0d5fcaeaf111,2019-07-16T16:15:23,,Ixmiquilpan,0
Milpa o Huerto,,,1,,31,Esposa (o),15,32697254,3bc44a85-a701-45e6-9df7-aa143f83e02a,2019-07-16T16:17:19,,Ixmiquilpan,2
Traspatio,,,1,,32,Esposa (o),15,32697254,3bc44a85-a701-45e6-9df7-aa143f83e02a,2019-07-16T16:17:19,,Ixmiquilpan,1
Traspatio,,,1,,33,Hija (o),16,32703421,6ab2a82c-3780-4bd8-8fca-99ee81ca6b10,2019-07-16T17:41:58,,Ixmiquilpan,1
Milpa o Huerto,,,1,,34,Hija (o),16,32703421,6ab2a82c-3780-4bd8-8fca-99ee81ca6b10,2019-07-16T17:41:58,,Ixmiquilpan,2
Milpa o Huerto,,,1,,35,Hija (o),17,32709285,3ba20749-f302-4eb9-9683-2af3bc5c65bc,2019-07-16T18:57:29,,Ixmiquilpan,2
Monte,,,1,,36,Hija (o),17,32709285,3ba20749-f302-4eb9-9683-2af3bc5c65bc,2019-07-16T18:57:29,,Ixmiquilpan,1
Milpa o Huerto,,,2,,37,Hija (o),18,32709374,3b1884ec-922e-43af-bf70-3fced0875271,2019-07-16T19:00:21,,Ixmiquilpan,1
Traspatio,,,1,,38,Esposa (o),18,32709374,3b1884ec-922e-43af-bf70-3fced0875271,2019-07-16T19:00:21,,Ixmiquilpan,1
Milpa o Huerto,,,1,,39,Hija (o),19,32713950,f1aba3fa-5e0a-4f76-a05b-a4ea430b10a9,2019-07-16T20:00:33,,Ixmiquilpan,1
Monte,,,1,,40,Hija (o),19,32713950,f1aba3fa-5e0a-4f76-a05b-a4ea430b10a9,2019-07-16T20:00:33,,Ixmiquilpan,1
Tianguis,,,1,,41,Hija (o),21,32822527,592c986f-7187-46a5-b2eb-b99e3aafb75b,2019-07-18T02:20:37,,Ixmiquilpan,1
Milpa o Huerto,,,1,,42,Hija (o),22,32822430,7b3565fb-f62c-4e49-997c-675c91ba65e4,2019-07-18T02:12:13,,Ixmiquilpan,2
Tianguis,,,1,,43,Tia (o),22,32822430,7b3565fb-f62c-4e49-997c-675c91ba65e4,2019-07-18T02:12:13,,Ixmiquilpan,4
Traspatio,,,1,,44,Prima (o),23,32822415,d6420e54-4ea8-4dfd-a819-4ea531ecc605,2019-07-18T02:10:47,,Ixmiquilpan,3
Milpa o Huerto,,,1,,45,Otro (indicar),24,32734003,acfbbf36-a29e-406c-9fa4-e25a27297285,2019-07-17T02:20:41,,Ixmiquilpan,1
Milpa o Huerto,,,1,,46,Esposa (o),24,32734003,acfbbf36-a29e-406c-9fa4-e25a27297285,2019-07-17T02:20:41,,Ixmiquilpan,1
Milpa o Huerto,,,2,,47,Esposa (o),25,32734007,99dbc901-bd10-45ec-a8ea-2873f0844cc6,2019-07-17T02:21:03,,Ixmiquilpan,1
Traspatio,,,1,,48,Hija (o),25,32734007,99dbc901-bd10-45ec-a8ea-2873f0844cc6,2019-07-17T02:21:03,,Ixmiquilpan,1
Monte,,,1,,49,Hija (o),25,32734007,99dbc901-bd10-45ec-a8ea-2873f0844cc6,2019-07-17T02:21:03,,Ixmiquilpan,1
Tianguis,,,1,,50,Nieta (o),26,32911343,90f44065-726f-49a7-ab06-975396115e3b,2019-07-19T01:02:39,,Ixmiquilpan,2
Milpa o Huerto,,,1,,51,Nieta (o),26,32911343,90f44065-726f-49a7-ab06-975396115e3b,2019-07-19T01:02:39,,Ixmiquilpan,1
Milpa o Huerto,,,1,,52,Nieta (o),27,32877955,5ad1a194-d91a-4af2-9435-6a1aeb17d0a2,2019-07-18T17:29:54,,Ixmiquilpan,2
Traspatio,,,1,,53,Nieta (o),27,32877955,5ad1a194-d91a-4af2-9435-6a1aeb17d0a2,2019-07-18T17:29:54,,Ixmiquilpan,1
Tianguis,,,2,,54,Esposa (o),28,32878060,577ecb4a-f76c-4649-9771-650dae048289,2019-07-18T17:30:54,,Ixmiquilpan,2
Milpa o Huerto,,,2,,55,Hija (o),28,32878060,577ecb4a-f76c-4649-9771-650dae048289,2019-07-18T17:30:54,,Ixmiquilpan,3
Tianguis,,,1,,56,Nieta (o),29,32911404,1544ad4c-e29e-44ff-bb1a-ccc108a40fde,2019-07-19T01:08:18,,Ixmiquilpan,3
Milpa o Huerto,,,2,,57,Esposa (o),29,32911404,1544ad4c-e29e-44ff-bb1a-ccc108a40fde,2019-07-19T01:08:18,,Ixmiquilpan,2
Tianguis,,,1,,58,Hija (o),30,32968978,07ac07e1-e161-4086-bfa0-3c59e2a20283,2019-07-19T18:39:11,,Ixmiquilpan,1
Milpa o Huerto,,,2,,59,Hija (o),30,32968978,07ac07e1-e161-4086-bfa0-3c59e2a20283,2019-07-19T18:39:11,,Ixmiquilpan,1
Traspatio,,,1,,60,Hija (o),30,32968978,07ac07e1-e161-4086-bfa0-3c59e2a20283,2019-07-19T18:39:11,,Ixmiquilpan,1
Tianguis,,,2,,61,Hija (o),31,32969117,a7f64efe-449f-4df7-897d-5c9ca632e73e,2019-07-19T18:41:58,,Ixmiquilpan,1
Milpa o Huerto,,,1,,62,Nieta (o),31,32969117,a7f64efe-449f-4df7-897d-5c9ca632e73e,2019-07-19T18:41:58,,Ixmiquilpan,0
Milpa o Huerto,,,2,,63,Nieta (o),32,32969161,78f166fe-330e-4bd6-b3fd-031dc28d1cfa,2019-07-19T18:42:46,,Ixmiquilpan,4
Tianguis,,,1,,64,Esposa (o),32,32969161,78f166fe-330e-4bd6-b3fd-031dc28d1cfa,2019-07-19T18:42:46,,Ixmiquilpan,3
Milpa o Huerto,,,2,,65,Esposa (o),33,32994184,3ec924ee-ec9d-4fe9-adf8-4dfa3822cd53,2019-07-20T04:06:24,,Ixmiquilpan,4
Milpa o Huerto,,,1,,66,Hija (o),33,32994184,3ec924ee-ec9d-4fe9-adf8-4dfa3822cd53,2019-07-20T04:06:24,,Ixmiquilpan,3
Milpa o Huerto,,,1,,67,Hija (o),33,32994184,3ec924ee-ec9d-4fe9-adf8-4dfa3822cd53,2019-07-20T04:06:24,,Ixmiquilpan,2
Traspatio,,,1,,68,Esposa (o),34,33088328,ca22dce3-ffcf-416a-a23e-1b1cce2fc649,2019-07-22T05:42:44,,Ixmiquilpan,1
Traspatio,,,1,,69,Hija (o),34,33088328,ca22dce3-ffcf-416a-a23e-1b1cce2fc649,2019-07-22T05:42:44,,Ixmiquilpan,2
Traspatio,,,1,,70,Hija (o),35,33088575,0a767aab-a7d5-4591-bf44-0740eb110728,2019-07-22T05:49:12,,Ixmiquilpan,3
Tianguis,,,2,,71,Esposa (o),36,33155851,adf9cb88-3373-4966-b63e-313348de8b52,2019-07-22T22:22:27,,Ixmiquilpan,1
Milpa o Huerto,,,1,,72,Esposa (o),36,33155851,adf9cb88-3373-4966-b63e-313348de8b52,2019-07-22T22:22:27,,Ixmiquilpan,1
Milpa o Huerto,,,1,,73,Hija (o),37,36312407,de448b84-887d-492e-9c7a-8fe60b287a62,2019-09-04T17:37:46,,Ixmiquilpan,2
Tianguis,,,1,,74,Hija (o),37,36312407,de448b84-887d-492e-9c7a-8fe60b287a62,2019-09-04T17:37:46,,Ixmiquilpan,4
Tianguis,,,2,,75,Esposa (o),38,36315474,af2b9144-af2d-484c-9775-b125d7de4a32,2019-09-04T18:12:18,,Ixmiquilpan,2
Monte,,,1,,76,Hija (o),38,36315474,af2b9144-af2d-484c-9775-b125d7de4a32,2019-09-04T18:12:18,,Ixmiquilpan,1
Traspatio,,,1,,77,Hija (o),38,36315474,af2b9144-af2d-484c-9775-b125d7de4a32,2019-09-04T18:12:18,,Ixmiquilpan,1
Milpa o Huerto,,,1,,78,Hija (o),39,36459038,20117247-0851-4dd3-92fa-66bd5c5ebe61,2019-09-06T17:11:51,,Ixmiquilpan,2
Monte,,,3,,79,Sobrina (o),39,36459038,20117247-0851-4dd3-92fa-66bd5c5ebe61,2019-09-06T17:11:51,,Ixmiquilpan,1
Milpa o Huerto,,,3,,80,Esposa (o),40,36500210,01099688-b501-4059-8faf-d8d2858174d7,2019-09-07T12:42:10,,Ixmiquilpan,3
Monte,,,1,,81,Hija (o),40,36500210,01099688-b501-4059-8faf-d8d2858174d7,2019-09-07T12:42:10,,Ixmiquilpan,2
Milpa o Huerto,,,2,,82,Hija (o),41,36528314,dfacdd48-c666-4ed5-81a8-e01f20c30a89,2019-09-07T21:44:48,,Ixmiquilpan,1
Traspatio,,,1,,83,Hija (o),41,36528314,dfacdd48-c666-4ed5-81a8-e01f20c30a89,2019-09-07T21:44:48,,Ixmiquilpan,4
Monte,,,2,,84,Hija (o),41,36528314,dfacdd48-c666-4ed5-81a8-e01f20c30a89,2019-09-07T21:44:48,,Ixmiquilpan,3
Milpa o Huerto,,,1,,85,Hija (o),42,36771347,56b8e21b-3d34-4c18-bd0f-ed117616d8ed,2019-09-11T17:20:43,,Ixmiquilpan,1
Milpa o Huerto,,,2,,86,Nieta (o),43,36771368,3492f6c6-55f1-4ee7-9045-cc2376d0f9f1,2019-09-11T17:21:04,,Ixmiquilpan,3
Monte,,,2,,87,Esposa (o),43,36771368,3492f6c6-55f1-4ee7-9045-cc2376d0f9f1,2019-09-11T17:21:04,,Ixmiquilpan,1
Milpa o Huerto,,,1,,88,Hija (o),44,36771388,d9a00a4a-4b36-4cd5-aab7-3456a83a01fb,2019-09-11T17:21:32,,Ixmiquilpan,1
Monte,,,3,,89,Hija (o),44,36771388,d9a00a4a-4b36-4cd5-aab7-3456a83a01fb,2019-09-11T17:21:32,,Ixmiquilpan,2
Milpa o Huerto,,,1,,90,Hija (o),45,36771456,d8989fc8-657f-4916-a997-82a9cd380e04,2019-09-11T17:22:24,,Ixmiquilpan,1
Milpa o Huerto,,,1,,91,Hija (o),46,36771539,fc143afa-4acc-42b7-89e0-dec992a52061,2019-09-11T17:22:59,,Ixmiquilpan,2
Tianguis,,,1,,92,Hija (o),46,36771539,fc143afa-4acc-42b7-89e0-dec992a52061,2019-09-11T17:22:59,,Ixmiquilpan,2
Tianguis,,,1,,93,Hija (o),47,36771613,a66a1ad3-e7fb-4bbd-9d33-8f63d93342b3,2019-09-11T17:23:25,,Ixmiquilpan,3
Milpa o Huerto,,,1,,94,Esposa (o),48,36771672,d83eab11-620b-4d2e-947d-36834f19f8f2,2019-09-11T17:24:16,,Ixmiquilpan,1
Milpa o Huerto,,,2,,95,Hija (o),49,36772071,156aee76-c864-43cd-8095-b3fd7ea5ca53,2019-09-11T17:28:44,,Ixmiquilpan,1
Monte,,,1,,96,Hija (o),49,36772071,156aee76-c864-43cd-8095-b3fd7ea5ca53,2019-09-11T17:28:44,,Ixmiquilpan,1
Milpa o Huerto,,,3,,97,Hija (o),50,36772319,20bced38-454d-434e-a3c4-10979095caea,2019-09-11T17:32:03,,Ixmiquilpan,1
Monte,,,1,,98,Hija (o),50,36772319,20bced38-454d-434e-a3c4-10979095caea,2019-09-11T17:32:03,,Ixmiquilpan,1
Traspatio,,,1,,99,Esposa (o),51,36772477,104857b5-8983-4cfb-b508-3ea5d9edc94f,2019-09-11T17:34:18,,Ixmiquilpan,1
Tianguis,,,1,,100,Hija (o),51,36772477,104857b5-8983-4cfb-b508-3ea5d9edc94f,2019-09-11T17:34:18,,Ixmiquilpan,1
Milpa o Huerto,,,1,,101,Hija (o),52,36772602,2b64316d-a339-4011-a6d6-b8f7b7892ac9,2019-09-11T17:35:36,,Ixmiquilpan,1
Monte,,,1,,102,Esposa (o),52,36772602,2b64316d-a339-4011-a6d6-b8f7b7892ac9,2019-09-11T17:35:36,,Ixmiquilpan,4
Milpa o Huerto,,,1,,103,Esposa (o),53,37135247,3f79f62d-916b-4ea5-9d0e-3fc66f16a8d1,2019-09-17T18:38:27,,Ixmiquilpan,1
Milpa o Huerto,,,2,,104,Hija (o),54,37135465,6d46390e-f123-441d-9746-ef911226aad6,2019-09-17T18:43:11,,Ixmiquilpan,3
Tianguis,,,2,,105,Esposa (o),54,37135465,6d46390e-f123-441d-9746-ef911226aad6,2019-09-17T18:43:11,,Ixmiquilpan,2
Traspatio,,,2,,106,Esposa (o),54,37135465,6d46390e-f123-441d-9746-ef911226aad6,2019-09-17T18:43:11,,Ixmiquilpan,2
Milpa o Huerto,,,1,,107,Hija (o),55,37641157,b4a8b2c9-d5b9-4c8b-82ec-9c5b6b27bc86,2019-09-25T15:49:55,,Ixmiquilpan,1
Monte,,,1,,108,Hija (o),55,37641157,b4a8b2c9-d5b9-4c8b-82ec-9c5b6b27bc86,2019-09-25T15:49:55,,Ixmiquilpan,2
Milpa o Huerto,,,2,,109,Hija (o),56,37642423,0e64dbcf-ade2-4422-b292-0b9a19eab771,2019-09-25T16:04:03,,Ixmiquilpan,2
Tianguis,,,2,,110,Nuera (o),56,37642423,0e64dbcf-ade2-4422-b292-0b9a19eab771,2019-09-25T16:04:03,,Ixmiquilpan,1
Monte,,,1,,111,Esposa (o),56,37642423,0e64dbcf-ade2-4422-b292-0b9a19eab771,2019-09-25T16:04:03,,Ixmiquilpan,1
Tianguis,,,1,,112,Abuela (o),57,37642427,069ce285-a5e6-4871-8e9e-bff8339649f4,2019-09-25T16:04:11,,Ixmiquilpan,1
Milpa o Huerto,,,2,,113,Hija (o),57,37642427,069ce285-a5e6-4871-8e9e-bff8339649f4,2019-09-25T16:04:11,,Ixmiquilpan,1
Traspatio,,,2,,114,Esposa (o),57,37642427,069ce285-a5e6-4871-8e9e-bff8339649f4,2019-09-25T16:04:11,,Ixmiquilpan,1
Tianguis,,,1,,115,Esposa (o),58,37642431,c3d02ad8-a507-402d-beaf-8ab9d5beb6aa,2019-09-25T16:04:18,,Ixmiquilpan,1
Milpa o Huerto,,,2,,116,Hija (o),58,37642431,c3d02ad8-a507-402d-beaf-8ab9d5beb6aa,2019-09-25T16:04:18,,Ixmiquilpan,1
Milpa o Huerto,,,2,,117,Hija (o),59,37642433,bd455e19-329c-41bc-9556-3cfb90cb6ff5,2019-09-25T16:04:24,,Ixmiquilpan,1
Tianguis,,,1,,118,Esposa (o),59,37642433,bd455e19-329c-41bc-9556-3cfb90cb6ff5,2019-09-25T16:04:24,,Ixmiquilpan,2
Traspatio,,,1,,119,Hija (o),59,37642433,bd455e19-329c-41bc-9556-3cfb90cb6ff5,2019-09-25T16:04:24,,Ixmiquilpan,4
Monte,,,1,,120,Hija (o),60,37642434,9082f9b6-26cd-4715-9103-878be6f67e23,2019-09-25T16:04:27,,Ixmiquilpan,3
Milpa o Huerto,,,2,,121,Hija (o),60,37642434,9082f9b6-26cd-4715-9103-878be6f67e23,2019-09-25T16:04:27,,Ixmiquilpan,2
Traspatio,,,1,,122,Nieta (o),60,37642434,9082f9b6-26cd-4715-9103-878be6f67e23,2019-09-25T16:04:27,,Ixmiquilpan,2
Tianguis,,,2,,123,Hija (o),61,37642436,3bc93e44-d9b1-4366-9ff1-5464969a92f9,2019-09-25T16:04:33,,Ixmiquilpan,1
Milpa o Huerto,,,2,,124,Hija (o),61,37642436,3bc93e44-d9b1-4366-9ff1-5464969a92f9,2019-09-25T16:04:33,,Ixmiquilpan,1
Traspatio,,,1,,125,Esposa (o),61,37642436,3bc93e44-d9b1-4366-9ff1-5464969a92f9,2019-09-25T16:04:33,,Ixmiquilpan,1
Monte,,,1,,126,Hija (o),62,37642554,e798efbe-a35e-4b75-98e5-0047af0bae49,2019-09-25T16:05:45,,Ixmiquilpan,1
Traspatio,,,1,,127,Hija (o),62,37642554,e798efbe-a35e-4b75-98e5-0047af0bae49,2019-09-25T16:05:45,,Ixmiquilpan,1
Tianguis,,,2,,128,Esposa (o),62,37642554,e798efbe-a35e-4b75-98e5-0047af0bae49,2019-09-25T16:05:45,,Ixmiquilpan,2
Tianguis,,,2,,129,Hija (o),63,37642569,738d783f-211e-459e-8ce5-ccd592388bc5,2019-09-25T16:05:52,,Ixmiquilpan,1
Traspatio,,,1,,130,Hija (o),63,37642569,738d783f-211e-459e-8ce5-ccd592388bc5,2019-09-25T16:05:52,,Ixmiquilpan,1
Milpa o Huerto,,,2,,131,Infante,63,37642569,738d783f-211e-459e-8ce5-ccd592388bc5,2019-09-25T16:05:52,,Ixmiquilpan,1
Milpa o Huerto,,,1,,132,Esposa (o),64,38065757,a2c47d1f-8ff6-45a3-b416-2bb0a20f5612,2019-10-02T16:58:53,,Ixmiquilpan,2
Milpa o Huerto,,,1,,133,Hija (o),65,38065774,5fd25258-1390-4fd5-bdf4-24d4590d16b7,2019-10-02T16:59:01,,Ixmiquilpan,1
Milpa o Huerto,,,1,,134,Hija (o),66,38065786,e557f4b9-2341-4fe7-8844-8d18b6a6ed0a,2019-10-02T16:59:13,,Ixmiquilpan,1
Milpa o Huerto,,,2,,135,Hija (o),67,38065794,ce78a9a5-870f-4d5d-b72d-3452237bfa26,2019-10-02T16:59:18,,Ixmiquilpan,1
Traspatio,,,1,,136,Esposa (o),67,38065794,ce78a9a5-870f-4d5d-b72d-3452237bfa26,2019-10-02T16:59:18,,Ixmiquilpan,1
Tianguis,,,2,,137,Hija (o),67,38065794,ce78a9a5-870f-4d5d-b72d-3452237bfa26,2019-10-02T16:59:18,,Ixmiquilpan,1
Milpa o Huerto,,,2,,138,Hija (o),68,38065810,2dabe79d-ab5f-4486-86c0-f42642e37b86,2019-10-02T16:59:23,,Ixmiquilpan,3
Tianguis,,,1,,139,Esposa (o),68,38065810,2dabe79d-ab5f-4486-86c0-f42642e37b86,2019-10-02T16:59:23,,Ixmiquilpan,1
Traspatio,,,1,,140,Hija (o),68,38065810,2dabe79d-ab5f-4486-86c0-f42642e37b86,2019-10-02T16:59:23,,Ixmiquilpan,1
Monte,,,1,,141,Hija (o),68,38065810,2dabe79d-ab5f-4486-86c0-f42642e37b86,2019-10-02T16:59:23,,Ixmiquilpan,1
Milpa o Huerto,,,1,,142,Esposa (o),69,38065812,27b7b660-c061-4a20-8ef5-2a55569ac026,2019-10-02T16:59:24,,Ixmiquilpan,1
Otro,Albañil,No aplica,1,,143,Hija (o),70,38065825,442ee5be-4833-45b7-ab89-95e1fb92e268,2019-10-02T16:59:29,,Ixmiquilpan,1
Milpa o Huerto,,,2,,144,Hija (o),71,38065827,d18e3bbc-96be-463a-86da-a303ff7de7aa,2019-10-02T16:59:31,,Ixmiquilpan,2
Traspatio,,,1,,145,Esposa (o),71,38065827,d18e3bbc-96be-463a-86da-a303ff7de7aa,2019-10-02T16:59:31,,Ixmiquilpan,1
Monte,,,1,,146,Hija (o),71,38065827,d18e3bbc-96be-463a-86da-a303ff7de7aa,2019-10-02T16:59:31,,Ixmiquilpan,1
Milpa o Huerto,,,2,,147,Hija (o),72,36479823,11614ccd-49ed-4d0a-aa82-864c9d7bf90c,2019-09-07T00:32:06,,Ixmiquilpan,1
Monte,,,1,,148,Hija (o),72,36479823,11614ccd-49ed-4d0a-aa82-864c9d7bf90c,2019-09-07T00:32:06,,Ixmiquilpan,2
Tianguis,,,3,,149,Esposa (o),74,40262247,191cb39c-53bc-41dd-8741-66cdd445dd55,2019-11-05T18:32:06,,Cardonal,1
Milpa o Huerto,,,1,,150,Hija (o),75,40262326,0525dde3-000d-4fa3-9f3f-a26f906ea0be,2019-11-05T18:32:50,,Cardonal,7
Monte,,,1,,151,Hija (o),75,40262326,0525dde3-000d-4fa3-9f3f-a26f906ea0be,2019-11-05T18:32:50,,Cardonal,2
Tianguis,,,1,,152,Hija (o),75,40262326,0525dde3-000d-4fa3-9f3f-a26f906ea0be,2019-11-05T18:32:50,,Cardonal,3
Milpa o Huerto,,,2,,153,Abuela (o),76,40262336,ee8530a0-e9c2-479e-aa3c-d513ac3dbb6d,2019-11-05T18:33:00,,Cardonal,3
Tianguis,,,1,,154,Nuera (o),76,40262336,ee8530a0-e9c2-479e-aa3c-d513ac3dbb6d,2019-11-05T18:33:00,,Cardonal,1
Milpa o Huerto,,,2,,155,Hija (o),77,40262345,ccd5f3b1-6112-49f4-acbc-77914550a326,2019-11-05T18:33:04,,Cardonal,1
Tianguis,,,1,,156,Hija (o),77,40262345,ccd5f3b1-6112-49f4-acbc-77914550a326,2019-11-05T18:33:04,,Cardonal,1
Tianguis,,,1,,157,Nieta (o),78,40262357,1230723d-fa97-4fce-bc1e-897610677242,2019-11-05T18:33:10,,Cardonal,1
Milpa o Huerto,,,1,,158,Nieta (o),78,40262357,1230723d-fa97-4fce-bc1e-897610677242,2019-11-05T18:33:10,,Cardonal,4
Milpa o Huerto,,,2,,159,Nieta (o),79,40262362,9b165b69-9b1b-4b03-b4ce-dc43a5407fc9,2019-11-05T18:33:15,,Cardonal,1
Tianguis,,,1,,160,Hija (o),79,40262362,9b165b69-9b1b-4b03-b4ce-dc43a5407fc9,2019-11-05T18:33:15,,Cardonal,2
Milpa o Huerto,,,2,,161,Hija (o),80,40262377,f0e6d84e-877e-4b4a-be78-60a0cf8b6ab4,2019-11-05T18:33:29,,Cardonal,2
Tianguis,,,2,,162,Hija (o),80,40262377,f0e6d84e-877e-4b4a-be78-60a0cf8b6ab4,2019-11-05T18:33:29,,Cardonal,3
Milpa o Huerto,,,2,,163,Esposa (o),81,40262389,d925d2cd-39be-41f9-828d-58990b5b5fdf,2019-11-05T18:33:37,,Cardonal,1
Tianguis,,,1,,164,Hija (o),81,40262389,d925d2cd-39be-41f9-828d-58990b5b5fdf,2019-11-05T18:33:37,,Cardonal,4
Milpa o Huerto,,,2,,165,Hija (o),82,40262402,3836cb05-8f62-463f-9f29-31cfc5682dd9,2019-11-05T18:33:46,,Cardonal,3
Tianguis,,,2,,166,Esposa (o),82,40262402,3836cb05-8f62-463f-9f29-31cfc5682dd9,2019-11-05T18:33:46,,Cardonal,1
Traspatio,,,1,,167,Esposa (o),82,40262402,3836cb05-8f62-463f-9f29-31cfc5682dd9,2019-11-05T18:33:46,,Cardonal,3
Tianguis,,,1,,168,Hija (o),83,40262483,03f97df7-e9f0-4669-9fc4-2660a05247be,2019-11-05T18:35:07,,Cardonal,1
Milpa o Huerto,,,2,,169,Hija (o),83,40262483,03f97df7-e9f0-4669-9fc4-2660a05247be,2019-11-05T18:35:07,,Cardonal,7
Traspatio,,,1,,170,Hija (o),83,40262483,03f97df7-e9f0-4669-9fc4-2660a05247be,2019-11-05T18:35:07,,Cardonal,2
Tianguis,,,1,,171,Esposa (o),84,40262492,fe536381-82d1-4261-a82c-c26bfd88e242,2019-11-05T18:35:14,,Cardonal,4
Milpa o Huerto,,,2,,172,Hija (o),84,40262492,fe536381-82d1-4261-a82c-c26bfd88e242,2019-11-05T18:35:14,,Cardonal,3
Tianguis,,,1,,173,Nieta (o),85,40262499,719c9750-1145-4015-bced-614a53d37f2f,2019-11-05T18:35:19,,Cardonal,1
Milpa o Huerto,,,2,,174,Nieta (o),85,40262499,719c9750-1145-4015-bced-614a53d37f2f,2019-11-05T18:35:19,,Cardonal,2
Milpa o Huerto,,,2,,175,Hija (o),86,40262507,75817315-22d5-4d01-b296-c56ca5ce05da,2019-11-05T18:35:25,,Cardonal,2
Tianguis,,,1,,176,Esposa (o),86,40262507,75817315-22d5-4d01-b296-c56ca5ce05da,2019-11-05T18:35:25,,Cardonal,7
Tianguis,,,1,,177,Esposa (o),87,40262549,8bd9b7f6-8afd-4775-94df-02f7e16a2faa,2019-11-05T18:36:40,,Cardonal,3
Milpa o Huerto,,,1,,178,Hija (o),87,40262549,8bd9b7f6-8afd-4775-94df-02f7e16a2faa,2019-11-05T18:36:40,,Cardonal,1
Traspatio,,,1,,179,Esposa (o),87,40262549,8bd9b7f6-8afd-4775-94df-02f7e16a2faa,2019-11-05T18:36:40,,Cardonal,3
Milpa o Huerto,,,2,,180,Hija (o),88,40262553,65e16ad9-326c-46d0-a1f3-57a20d550859,2019-11-05T18:36:44,,Cardonal,2
Tianguis,,,1,,181,Hija (o),88,40262553,65e16ad9-326c-46d0-a1f3-57a20d550859,2019-11-05T18:36:44,,Cardonal,5
Milpa o Huerto,,,2,,182,Esposa (o),89,40262564,b32bafd3-6423-467a-86e2-2974395c2ae0,2019-11-05T18:36:49,,Cardonal,3
Tianguis,,,1,,183,Hija (o),89,40262564,b32bafd3-6423-467a-86e2-2974395c2ae0,2019-11-05T18:36:49,,Cardonal,4
Milpa o Huerto,,,2,,184,Nuera (o),90,40262570,f6dbc248-693f-4354-84d8-8b7b11a41f0c,2019-11-05T18:36:54,,Cardonal,2
Tianguis,,,1,,185,Nieta (o),90,40262570,f6dbc248-693f-4354-84d8-8b7b11a41f0c,2019-11-05T18:36:54,,Cardonal,1
Milpa o Huerto,,,2,,186,Esposa (o),91,40262573,0d626510-8baf-41e2-8edd-1030e49aceb2,2019-11-05T18:36:59,,Cardonal,3
Tianguis,,,2,,187,Hija (o),91,40262573,0d626510-8baf-41e2-8edd-1030e49aceb2,2019-11-05T18:36:59,,Cardonal,2
Milpa o Huerto,,,2,,188,Hija (o),92,40262578,ca781260-e830-4992-a2ac-e636a1efe7be,2019-11-05T18:37:06,,Cardonal,3
Tianguis,,,1,,189,Esposa (o),92,40262578,ca781260-e830-4992-a2ac-e636a1efe7be,2019-11-05T18:37:06,,Cardonal,4
Milpa o Huerto,,,2,,190,Hija (o),93,40262580,f32cea5c-15a2-4d22-a053-d79b9fd208e0,2019-11-05T18:37:12,,Cardonal,1
Tianguis,,,1,,191,Hija (o),93,40262580,f32cea5c-15a2-4d22-a053-d79b9fd208e0,2019-11-05T18:37:12,,Cardonal,3
Milpa o Huerto,,,2,,192,Esposa (o),94,40262585,67639757-9377-4732-812b-a261f605b98e,2019-11-05T18:37:19,,Cardonal,1
Tianguis,,,1,,193,Hija (o),94,40262585,67639757-9377-4732-812b-a261f605b98e,2019-11-05T18:37:19,,Cardonal,1
Milpa o Huerto,,,2,,194,Hija (o),95,40262590,bdfc8f04-507c-4d65-bc02-02df97141b48,2019-11-05T18:37:22,,Cardonal,1
Tianguis,,,1,,195,Infante,95,40262590,bdfc8f04-507c-4d65-bc02-02df97141b48,2019-11-05T18:37:22,,Cardonal,2
Tianguis,,,1,,196,Esposa (o),96,40262598,f58ad50e-71fa-48f7-858c-49b5ae258056,2019-11-05T18:37:29,,Cardonal,4
Milpa o Huerto,,,2,,197,Hija (o),96,40262598,f58ad50e-71fa-48f7-858c-49b5ae258056,2019-11-05T18:37:29,,Cardonal,4
Tianguis,,,1,,198,Hija (o),97,40262739,75a862b3-6cc6-42f0-989c-4ff8d6bc5228,2019-11-05T18:39:29,,Cardonal,1
Milpa o Huerto,,,2,,199,Hija (o),97,40262739,75a862b3-6cc6-42f0-989c-4ff8d6bc5228,2019-11-05T18:39:29,,Cardonal,3
Tianguis,,,2,,200,Esposa (o),98,40262747,fd836fe6-58ad-4bd7-a663-467259f738bc,2019-11-05T18:39:38,,Cardonal,1
Milpa o Huerto,,,2,,201,Hija (o),98,40262747,fd836fe6-58ad-4bd7-a663-467259f738bc,2019-11-05T18:39:38,,Cardonal,5
Milpa o Huerto,,,2,,202,Infante,99,40262758,1622d966-9073-4139-86fa-174d3bf47d25,2019-11-05T18:39:48,,Cardonal,2
Tianguis,,,1,,203,Hermana (o),99,40262758,1622d966-9073-4139-86fa-174d3bf47d25,2019-11-05T18:39:48,,Cardonal,3
Milpa o Huerto,,,2,,204,Esposa (o),100,40262769,6cb3d982-f88b-4f2a-b8f8-267f33456e0d,2019-11-05T18:39:58,,Cardonal,5
Tianguis,,,1,,205,Hija (o),100,40262769,6cb3d982-f88b-4f2a-b8f8-267f33456e0d,2019-11-05T18:39:58,,Cardonal,1
Tianguis,,,2,,206,Hija (o),101,40262772,1ad904ec-0fa1-4baf-a1e2-edd55ebb2c60,2019-11-05T18:40:03,,Cardonal,0
Milpa o Huerto,,,2,,207,Hija (o),101,40262772,1ad904ec-0fa1-4baf-a1e2-edd55ebb2c60,2019-11-05T18:40:03,,Cardonal,1
Milpa o Huerto,,,2,,208,Hermana (o),102,40262776,691870ac-17ba-42db-987f-97a63df4b808,2019-11-05T18:40:11,,Cardonal,7
Tianguis,,,2,,209,Nuera (o),102,40262776,691870ac-17ba-42db-987f-97a63df4b808,2019-11-05T18:40:11,,Cardonal,3
Tianguis,,,1,,210,Sobrina (o),103,40262785,8f2e72d8-f3a7-4d87-9e72-e314a0e98e08,2019-11-05T18:40:19,,Cardonal,4
Milpa o Huerto,,,2,,211,Esposa (o),103,40262785,8f2e72d8-f3a7-4d87-9e72-e314a0e98e08,2019-11-05T18:40:19,,Cardonal,1
Tianguis,,,2,,212,Esposa (o),104,40262789,3be15e5f-6c9a-4883-86bb-087c0f4a8130,2019-11-05T18:40:26,,Cardonal,3
Milpa o Huerto,,,2,,213,Hija (o),104,40262789,3be15e5f-6c9a-4883-86bb-087c0f4a8130,2019-11-05T18:40:26,,Cardonal,1
Milpa o Huerto,,,2,,214,Hija (o),105,40262793,57609d13-855b-4851-9eae-43696084483e,2019-11-05T18:40:32,,Cardonal,1
Tianguis,,,1,,215,Hija (o),105,40262793,57609d13-855b-4851-9eae-43696084483e,2019-11-05T18:40:32,,Cardonal,1
Milpa o Huerto,,,2,,216,Nieta (o),106,40262797,a9efd077-e3cb-440b-a179-cb6c731268c2,2019-11-05T18:40:39,,Cardonal,1
Tianguis,,,1,,217,Nieta (o),106,40262797,a9efd077-e3cb-440b-a179-cb6c731268c2,2019-11-05T18:40:39,,Cardonal,3
Milpa o Huerto,,,2,,218,Nieta (o),107,40262801,5d7be076-586a-4baa-8e6b-68ed6caa2204,2019-11-05T18:40:44,,Cardonal,3
Tianguis,,,1,,219,Esposa (o),107,40262801,5d7be076-586a-4baa-8e6b-68ed6caa2204,2019-11-05T18:40:44,,Cardonal,4
Tianguis,,,1,,220,Hija (o),108,40262897,7f04148e-ce88-444a-866e-1dd44b344250,2019-11-05T18:42:38,,Cardonal,3
Milpa o Huerto,,,2,,221,Hija (o),108,40262897,7f04148e-ce88-444a-866e-1dd44b344250,2019-11-05T18:42:38,,Cardonal,3
Milpa o Huerto,,,2,,222,Hija (o),109,40262898,ddfa35b6-ac46-4de2-8657-ffe3ff56ca00,2019-11-05T18:42:42,,Cardonal,3
Tianguis,,,1,,223,Esposa (o),110,40262900,1f7763ab-2088-4215-849f-10d0e679eb06,2019-11-05T18:42:48,,Cardonal,1
Milpa o Huerto,,,2,,224,Hija (o),110,40262900,1f7763ab-2088-4215-849f-10d0e679eb06,2019-11-05T18:42:48,,Cardonal,4
Milpa o Huerto,,,2,,225,Hija (o),111,40262906,af6d2b43-b701-4b7e-8b81-790a46022a4c,2019-11-05T18:42:54,,Cardonal,3
Tianguis,,,1,,226,Otro (indicar),111,40262906,af6d2b43-b701-4b7e-8b81-790a46022a4c,2019-11-05T18:42:54,,Cardonal,3
Tianguis,,,1,,227,Esposa (o),112,40262910,3ae3268e-f906-430f-92f2-6457aec389ec,2019-11-05T18:43:01,,Cardonal,6
Milpa o Huerto,,,2,,228,Hija (o),112,40262910,3ae3268e-f906-430f-92f2-6457aec389ec,2019-11-05T18:43:01,,Cardonal,3
Tianguis,,,1,,229,Nieta (o),113,40262913,1a90cebc-9a7c-43cc-abdb-0f42207dceec,2019-11-05T18:43:07,,Cardonal,4
Milpa o Huerto,,,2,,230,Esposa (o),113,40262913,1a90cebc-9a7c-43cc-abdb-0f42207dceec,2019-11-05T18:43:07,,Cardonal,3
Tianguis,,,1,,231,Esposa (o),114,40262919,d50fb345-ea3e-42e8-9c52-f75f9effec1f,2019-11-05T18:43:14,,Cardonal,3
Milpa o Huerto,,,2,,232,Otro (indicar),114,40262919,d50fb345-ea3e-42e8-9c52-f75f9effec1f,2019-11-05T18:43:14,,Cardonal,4
Tianguis,,,1,,233,Nieta (o),115,40262930,476607b5-b730-4547-a324-49725c9ccd78,2019-11-05T18:43:28,,Cardonal,1
Milpa o Huerto,,,2,,234,Nieta (o),115,40262930,476607b5-b730-4547-a324-49725c9ccd78,2019-11-05T18:43:28,,Cardonal,3
Tianguis,,,1,,235,Hermana (o),116,41051199,6c6dd681-06e1-4943-abf8-816b02f5dc9c,2019-11-16T18:06:12,,Cardonal,1
Monte,,,1,,236,Otro (indicar),116,41051199,6c6dd681-06e1-4943-abf8-816b02f5dc9c,2019-11-16T18:06:12,,Cardonal,4
Monte,,,1,,237,Hermana (o),117,41051257,22b354e1-cf75-4c3e-bb47-9c85771269a1,2019-11-16T18:07:24,,Cardonal,3
