id,id_productor,familiar_modif,sexo,edad,trabajo_modif,estudio_modif,ayuda_modif,migracion_modif,ganado_modif,created_at,updated_at,est_i
1,1,MADRE,MUJER,46,COSTURERO(A),NO ESTUDIA,SI,0,0,05/07/2018 12:09,07/12/2017 15:09,1
2,1,HIJO(A),HOMBRE,9,ESTUDIANTE,NO ESTUDIA,AVECES,0,0,05/07/2018 12:09,07/12/2017 15:10,1
3,2,MADRE,MUJER,57,AMA DE CASA,NO ESTUDIA,NO,NO,AVES DE CORRAL,05/07/2018 12:09,7/26/2017 20:59,1
4,2,HIJO(A),HOMBRE,29,CAMPESINO,NO ESTUDIA,SI,NO,NO POSEE GANADO,05/07/2018 12:09,7/26/2017 21:01,1
5,1,PADRE,HOMBRE,46,CAMPESINO,NO ESTUDIA,SI,NO,NO POSEE GANADO,05/07/2018 12:09,7/27/2017 3:48,1
6,3,PADRE,HOMBRE,66,CAMPESINO,NO ESTUDIA,SI,NO,NO POSEE GANADO,05/07/2018 12:09,7/27/2017 20:17,1
7,3,MADRE,MUJER,58,AMA DE CASA,NO ESTUDIA,SI,NO,AVES DE CORRAL,05/07/2018 12:09,7/27/2017 20:18,1
8,3,NIETO(A),HOMBRE,15,ESTUDIANTE,SECUNDARIA,NO,NO,NO POSEE GANADO,05/07/2018 12:09,7/27/2017 20:24,1
9,4,PADRE,HOMBRE,63,CAMPESINO,NO ESTUDIA,SI,NO,NO POSEE GANADO,05/07/2018 12:09,7/28/2017 2:20,1
10,4,MADRE,MUJER,60,AMA DE CASA,NO ESTUDIA,SI,NO,NO POSEE GANADO,05/07/2018 12:09,7/28/2017 2:21,1
11,4,HIJO(A),HOMBRE,21,JORNALERO,NO ESTUDIA,SI,NO,NO POSEE GANADO,05/07/2018 12:09,7/28/2017 2:23,1
12,4,SOBRINO(A),MUJER,83,AMA DE CASA,NO ESTUDIA,NO,NO,NO POSEE GANADO,05/07/2018 12:09,7/28/2017 2:24,1
13,5,PADRE,HOMBRE,77,CAMPESINO,NO ESTUDIA,SI,NO,NO POSEE GANADO,05/07/2018 12:09,7/28/2017 4:48,1
14,5,MADRE,MUJER,75,AMA DE CASA,NO ESTUDIA,NO,NO,AVES DE CORRAL,05/07/2018 12:09,7/28/2017 4:49,1
15,6,MADRE,MUJER,45,AMA DE CASA,NO ESTUDIA,SI,NO,AVES DE CORRAL,05/07/2018 12:09,7/28/2017 5:56,1
16,6,HIJO(A),HOMBRE,18,CAMPESINO,NO ESTUDIA,SI,NO,NO POSEE GANADO,05/07/2018 12:09,7/28/2017 5:57,1
17,6,HIJO(A),HOMBRE,13,ESTUDIANTE,SECUNDARIA,SI,NO,NO POSEE GANADO,05/07/2018 12:09,7/28/2017 5:58,1
18,7,PADRE,HOMBRE,64,CAMPESINO,NO ESTUDIA,SI,SI,NO POSEE GANADO,05/07/2018 12:09,7/28/2017 19:45,1
19,7,MADRE,MUJER,53,AMA DE CASA,PRIMARIA,SI,NO,AVES DE CORRAL,05/07/2018 12:09,7/28/2017 19:47,1
20,7,HIJO(A),MUJER,27,AMA DE CASA,NO ESTUDIA,SI,SI,NO POSEE GANADO,05/07/2018 12:09,7/28/2017 19:48,1
21,8,PADRE,HOMBRE,74,CAMPESINO,NO ESTUDIA,SI,NO,NO POSEE GANADO,05/07/2018 12:09,7/28/2017 20:55,1
22,8,MADRE,MUJER,63,AMA DE CASA,NO ESTUDIA,SI,NO,AVES DE CORRAL,05/07/2018 12:09,7/28/2017 20:56,1
23,9,PADRE,HOMBRE,27,ALBAÑIL,NO ESTUDIA,SI,SI,NO POSEE GANADO,05/07/2018 12:09,7/28/2017 22:41,1
24,9,MADRE,MUJER,29,AMA DE CASA,NO ESTUDIA,SI,SI,AVES DE CORRAL,05/07/2018 12:09,7/28/2017 22:42,1
25,9,HIJO(A),MUJER,4,ESTUDIANTE,PRE-PRIMARIA,NO,NO,NO POSEE GANADO,05/07/2018 12:09,7/28/2017 22:43,1
26,2,PADRE,HOMBRE,59,CAMPESINO,NO ESTUDIA,SI,NO,NO POSEE GANADO,05/07/2018 12:09,7/28/2017 22:46,1
27,10,PADRE,HOMBRE,33,CAMPESINO,NO ESTUDIA,SI,NO,EQUINOS,05/07/2018 12:09,7/29/2017 1:18,1
28,10,MADRE,MUJER,27,AMA DE CASA,NO ESTUDIA,SI,NO,AVES DE CORRAL,05/07/2018 12:09,7/29/2017 1:19,1
29,10,HIJO(A),MUJER,6,ESTUDIANTE,PRIMARIA,NO,NO,NO POSEE GANADO,05/07/2018 12:09,7/29/2017 1:21,1
30,10,HIJO(A),HOMBRE,3,ESTUDIANTE,PRE-PRIMARIA,NO,NO,NO POSEE GANADO,05/07/2018 12:09,7/29/2017 1:22,1
31,10,SOBRINO(A),MUJER,14,ESTUDIANTE,SECUNDARIA,SI,NO,NO POSEE GANADO,05/07/2018 12:09,7/29/2017 1:23,1
32,10,SOBRINO(A),MUJER,12,ESTUDIANTE,SECUNDARIA,SI,NO,NO POSEE GANADO,05/07/2018 12:09,7/29/2017 1:24,1
33,11,PADRE,HOMBRE,73,CAMPESINO,NO ESTUDIA,SI,SI,NO POSEE GANADO,05/07/2018 12:09,7/31/2017 19:15,1
34,11,MADRE,MUJER,43,AMA DE CASA,NO ESTUDIA,SI,NO,AVES DE CORRAL,05/07/2018 12:09,7/31/2017 19:17,1
35,11,HIJO(A),HOMBRE,17,ESTUDIANTE,BACHILLERATO,SI,0,0,05/07/2018 12:09,7/31/2017 19:18,1
36,11,HIJO(A),HOMBRE,15,ESTUDIANTE,SECUNDARIA,SI,0,0,05/07/2018 12:09,7/31/2017 19:19,1
37,11,HIJO(A),HOMBRE,12,ESTUDIANTE,PRIMARIA,SI,0,0,05/07/2018 12:09,7/31/2017 19:20,1
38,11,HIJO(A),HOMBRE,10,ESTUDIANTE,PRIMARIA,SI,0,0,05/07/2018 12:09,7/31/2017 19:21,1
39,12,PADRE,HOMBRE,57,CAMPESINO,PRIMARIA,SI,SI,NO POSEE GANADO,05/07/2018 12:09,7/31/2017 21:23,1
40,12,MADRE,MUJER,50,AMA DE CASA,PRIMARIA,SI,NO,AVES DE CORRAL,05/07/2018 12:09,7/31/2017 22:20,1
41,12,HIJO(A),HOMBRE,30,CAMPESINO,NO ESTUDIA,SI,SI,NO POSEE GANADO,05/07/2018 12:09,7/31/2017 22:21,1
42,12,HIJO(A),HOMBRE,25,CAMPESINO,NO ESTUDIA,SI,NO,NO POSEE GANADO,05/07/2018 12:09,7/31/2017 22:23,1
43,12,HIJO(A),HOMBRE,20,CAMPESINO,NO ESTUDIA,SI,NO,NO POSEE GANADO,05/07/2018 12:09,7/31/2017 22:24,1
44,13,PADRE,HOMBRE,65,CAMPESINO,PRIMARIA,SI,SI,NO POSEE GANADO,05/07/2018 12:09,7/31/2017 23:56,1
45,13,MADRE,MUJER,61,COSTURERO(A),SECUNDARIA,SI,NO,AVES DE CORRAL,05/07/2018 12:09,7/31/2017 23:57,1
46,13,HIJO(A),MUJER,23,TRABAJA EN TIENDA,NO ESTUDIA,NO,SI,NO POSEE GANADO,05/07/2018 12:09,7/31/2017 23:58,1
47,13,NIETO(A),HOMBRE,5,ESTUDIANTE,PRE-PRIMARIA,0,0,0,05/07/2018 12:09,08/01/2017 00:00,1
48,14,PADRE,HOMBRE,30,CAMPESINO,NO ESTUDIA,SI,SI,NO POSEE GANADO,05/07/2018 12:09,08/01/2017 03:29,1
49,14,MADRE,MUJER,29,AMA DE CASA,NO ESTUDIA,SI,NO,AVES DE CORRAL Y PORCINOS,05/07/2018 12:09,08/01/2017 03:31,1
50,14,HIJO(A),HOMBRE,11,ESTUDIANTE,PRIMARIA,SI,0,0,05/07/2018 12:09,08/01/2017 03:33,1
51,14,HIJO(A),MUJER,8,ESTUDIANTE,PRIMARIA,NO,0,0,05/07/2018 12:09,08/01/2017 03:35,1
52,14,HIJO(A),MUJER,7,ESTUDIANTE,PRIMARIA,0,0,0,05/07/2018 12:09,08/01/2017 03:36,1
53,14,HIJO(A),MUJER,2,OTROS,NO ESTUDIA,AVECES,0,0,05/07/2018 12:09,08/01/2017 03:37,1
54,15,PADRE,HOMBRE,65,CAMPESINO,NO ESTUDIA,SI,0,0,05/07/2018 12:09,08/01/2017 18:59,1
55,15,MADRE,MUJER,55,AMA DE CASA,NO ESTUDIA,SI,0,AVES DE CORRAL Y PORCINOS,05/07/2018 12:09,08/01/2017 19:00,1
56,15,HIJO(A),MUJER,15,ESTUDIANTE,SECUNDARIA,NO,0,0,05/07/2018 12:09,08/01/2017 19:01,1
57,16,PADRE,HOMBRE,90,CAMPESINO,NO ESTUDIA,SI,0,0,05/07/2018 12:09,08/01/2017 20:54,1
58,16,MADRE,MUJER,70,AMA DE CASA,NO ESTUDIA,SI,0,AVES DE CORRAL,05/07/2018 12:09,08/01/2017 20:54,1
59,17,PADRE,HOMBRE,44,CAMPESINO,NO ESTUDIA,SI,0,0,05/07/2018 12:09,08/01/2017 23:12,1
60,17,MADRE,MUJER,43,COSTURERO(A),NO ESTUDIA,SI,0,0,05/07/2018 12:09,08/01/2017 23:13,1
61,17,HIJO(A),HOMBRE,14,ESTUDIANTE,SECUNDARIA,SI,0,0,05/07/2018 12:09,08/01/2017 23:14,1
62,18,PADRE,HOMBRE,69,OTROS,NO ESTUDIA,SI,NO,PORCINOS,05/07/2018 12:09,08/02/2017 00:57,1
63,18,MADRE,MUJER,57,AMA DE CASA,NO ESTUDIA,SI,0,AVES DE CORRAL,05/07/2018 12:09,08/02/2017 00:58,1
64,18,HIJO(A),MUJER,21,OTROS,NO ESTUDIA,SI,0,0,05/07/2018 12:09,08/02/2017 00:59,1
65,19,MADRE,MUJER,52,OTROS,NO ESTUDIA,SI,0,AVES DE CORRAL Y PORCINOS,05/07/2018 12:09,08/02/2017 04:19,1
66,19,HIJO(A),MUJER,25,AMA DE CASA,NO ESTUDIA,SI,0,0,05/07/2018 12:09,08/02/2017 04:20,1
67,20,PADRE,HOMBRE,71,CAMPESINO,NO ESTUDIA,SI,0,0,05/07/2018 12:09,08/02/2017 05:05,1
68,20,MADRE,MUJER,68,AMA DE CASA,NO ESTUDIA,SI,0,AVES DE CORRAL,05/07/2018 12:09,08/02/2017 05:05,1
69,21,PADRE,HOMBRE,43,CAMPESINO,NO ESTUDIA,SI,SI,0,05/07/2018 12:09,08/02/2017 18:17,1
70,21,MADRE,MUJER,43,AMA DE CASA,NO ESTUDIA,SI,0,0,05/07/2018 12:09,08/02/2017 18:18,1
71,21,HIJO(A),MUJER,23,AMA DE CASA,NO ESTUDIA,0,0,0,05/07/2018 12:09,08/02/2017 18:18,1
72,21,HIJO(A),MUJER,18,AMA DE CASA,NO ESTUDIA,NO,0,0,05/07/2018 12:09,08/02/2017 18:19,1
73,21,HIJO(A),MUJER,15,AMA DE CASA,NO ESTUDIA,NO,0,0,05/07/2018 12:09,08/02/2017 18:20,1
74,21,HIJO(A),MUJER,15,AMA DE CASA,NO ESTUDIA,NO,0,0,05/07/2018 12:09,08/02/2017 18:20,1
75,21,HIJO(A),HOMBRE,12,ESTUDIANTE,PRIMARIA,NO,0,0,05/07/2018 12:09,08/02/2017 18:22,1
76,22,PADRE,HOMBRE,70,CAMPESINO,NO ESTUDIA,SI,0,0,05/07/2018 12:09,08/02/2017 19:51,1
77,22,MADRE,MUJER,62,AMA DE CASA,NO ESTUDIA,0,0,0,05/07/2018 12:09,08/02/2017 19:51,1
78,23,PADRE,HOMBRE,58,TRABAJA EN TIENDA,NO ESTUDIA,SI,SI,0,05/07/2018 12:09,08/02/2017 21:12,1
79,23,MADRE,MUJER,60,AMA DE CASA,SECUNDARIA,NO,0,AVES DE CORRAL,05/07/2018 12:09,08/02/2017 21:13,1
80,24,PADRE,HOMBRE,38,ALBAÑIL,NO ESTUDIA,SI,0,PORCINOS Y ABEJAS,05/07/2018 12:09,08/02/2017 22:14,1
81,24,MADRE,MUJER,29,AMA DE CASA,NO ESTUDIA,SI,0,AVES DE CORRAL,05/07/2018 12:09,08/02/2017 22:16,1
82,24,HIJO(A),MUJER,9,ESTUDIANTE,PRIMARIA,0,0,0,05/07/2018 12:09,08/02/2017 22:17,1
83,24,HIJO(A),MUJER,3,OTROS,PRE-PRIMARIA,0,0,0,05/07/2018 12:09,08/02/2017 22:17,1
84,24,HIJO(A),HOMBRE,1,OTROS,NO ESTUDIA,AVECES,0,0,05/07/2018 12:09,08/02/2017 22:18,1
85,25,PADRE,HOMBRE,55,CAMPESINO,NO ESTUDIA,SI,0,0,05/07/2018 12:09,08/02/2017 23:32,1
86,25,MADRE,MUJER,47,AMA DE CASA,NO ESTUDIA,0,0,AVES DE CORRAL,05/07/2018 12:09,08/02/2017 23:33,1
87,25,HIJO(A),MUJER,12,OTROS,SECUNDARIA,NO,0,0,05/07/2018 12:09,08/02/2017 23:34,1
88,26,PADRE,HOMBRE,67,CAMPESINO,NO ESTUDIA,SI,0,BOVINOS,05/07/2018 12:09,08/03/2017 03:24,1
89,26,MADRE,MUJER,63,AMA DE CASA,NO ESTUDIA,SI,0,AVES DE CORRAL,05/07/2018 12:09,08/03/2017 03:25,1
90,26,NIETO(A),HOMBRE,20,CAMPESINO,NO ESTUDIA,SI,0,0,05/07/2018 12:09,08/03/2017 03:26,1
91,27,PADRE,HOMBRE,64,CAMPESINO,NO ESTUDIA,SI,0,BOVINOS Y EQUINOS,05/07/2018 12:09,08/03/2017 04:38,1
92,27,MADRE,MUJER,60,AMA DE CASA,NO ESTUDIA,SI,0,AVES DE CORRAL,05/07/2018 12:09,08/03/2017 04:39,1
93,27,SOBRINO(A),MUJER,100,AMA DE CASA,NO ESTUDIA,AVECES,0,0,05/07/2018 12:09,08/03/2017 04:40,1
94,27,HIJO(A),MUJER,23,TRABAJA EN TIENDA,NO ESTUDIA,AVECES,0,0,05/07/2018 12:09,08/03/2017 04:41,1
95,28,PADRE,HOMBRE,53,CAMPESINO,NO ESTUDIA,SI,0,0,05/07/2018 12:09,08/03/2017 05:41,1
96,28,MADRE,MUJER,53,AMA DE CASA,NO ESTUDIA,SI,0,AVES DE CORRAL,05/07/2018 12:09,08/03/2017 05:43,1
97,28,HIJO(A),MUJER,16,OTROS,BACHILLERATO,SI,0,0,05/07/2018 12:09,08/03/2017 05:44,1
98,28,HIJO(A),HOMBRE,14,OTROS,SECUNDARIA,SI,0,0,05/07/2018 12:09,08/03/2017 05:44,1
99,29,PADRE,HOMBRE,45,CAMPESINO,NO ESTUDIA,SI,SI,0,05/07/2018 12:09,08/03/2017 14:49,1
100,29,MADRE,MUJER,50,AMA DE CASA,NO ESTUDIA,NO,0,AVES DE CORRAL,05/07/2018 12:09,08/03/2017 14:50,1
101,29,HIJO(A),HOMBRE,16,OTROS,BACHILLERATO,NO,0,0,05/07/2018 12:09,08/03/2017 14:51,1
102,29,HIJO(A),HOMBRE,10,OTROS,PRIMARIA,NO,0,0,05/07/2018 12:09,08/03/2017 14:52,1
103,29,HIJO(A),MUJER,7,OTROS,PRIMARIA,0,0,0,05/07/2018 12:09,08/03/2017 14:52,1
104,29,HIJO(A),MUJER,4,OTROS,PRE-PRIMARIA,0,0,0,05/07/2018 12:09,08/03/2017 14:53,1
105,30,PADRE,HOMBRE,54,JORNALERO,NO ESTUDIA,SI,0,0,05/07/2018 12:09,08/03/2017 15:47,1
106,30,MADRE,MUJER,48,AMA DE CASA,NO ESTUDIA,NO,0,AVES DE CORRAL,05/07/2018 12:09,08/03/2017 15:50,1
107,30,HIJO(A),HOMBRE,32,JORNALERO,NO ESTUDIA,SI,0,0,05/07/2018 12:09,08/03/2017 15:52,1
108,30,HIJO(A),HOMBRE,28,JORNALERO,NO ESTUDIA,SI,0,0,05/07/2018 12:09,08/03/2017 15:53,1
109,31,PADRE,HOMBRE,48,JORNALERO,NO ESTUDIA,SI,SI,0,05/07/2018 12:09,08/03/2017 23:02,1
110,31,MADRE,MUJER,46,AMA DE CASA,NO ESTUDIA,NO,0,AVES DE CORRAL,05/07/2018 12:09,08/03/2017 23:06,1
111,31,HIJO(A),HOMBRE,25,OTROS,NO ESTUDIA,AVECES,SI,0,05/07/2018 12:09,08/03/2017 23:08,1
112,31,HIJO(A),HOMBRE,21,TRABAJA EN TIENDA,NO ESTUDIA,AVECES,SI,0,05/07/2018 12:09,08/03/2017 23:11,1
113,31,HIJO(A),MUJER,18,ESTUDIANTE,UNIVERSIDAD,0,0,0,05/07/2018 12:09,08/03/2017 23:12,1
114,32,PADRE,HOMBRE,34,JORNALERO,NO ESTUDIA,SI,SI,0,05/07/2018 12:09,08/04/2017 01:10,1
115,32,MADRE,MUJER,33,AMA DE CASA,NO ESTUDIA,NO,0,AVES DE CORRAL,05/07/2018 12:09,08/04/2017 01:11,1
116,32,HIJO(A),HOMBRE,9,OTROS,PRIMARIA,SI,0,0,05/07/2018 12:09,08/04/2017 01:12,1
117,32,HIJO(A),HOMBRE,3,OTROS,PRE-PRIMARIA,0,0,0,05/07/2018 12:09,08/04/2017 01:12,1
118,32,HIJO(A),MUJER,7,OTROS,NO ESTUDIA,AVECES,0,0,05/07/2018 12:09,08/04/2017 01:13,1
119,33,PADRE,HOMBRE,54,JORNALERO,NO ESTUDIA,SI,SI,0,05/07/2018 12:09,08/04/2017 02:33,1
120,33,MADRE,MUJER,48,AMA DE CASA,NO ESTUDIA,NO,0,0,05/07/2018 12:09,08/04/2017 02:35,1
121,33,HIJO(A),HOMBRE,17,OTROS,NO ESTUDIA,SI,0,0,05/07/2018 12:09,08/04/2017 02:36,1
122,33,HIJO(A),MUJER,10,OTROS,PRIMARIA,0,0,0,05/07/2018 12:09,08/04/2017 02:36,1
123,34,PADRE,HOMBRE,72,JORNALERO,NO ESTUDIA,SI,0,0,05/07/2018 12:09,08/04/2017 05:10,1
124,34,MADRE,MUJER,66,AMA DE CASA,NO ESTUDIA,SI,0,0,05/07/2018 12:09,08/04/2017 05:11,1
125,36,PADRE,HOMBRE,55,JORNALERO,NO ESTUDIA,SI,0,PORCINOS,05/07/2018 12:09,7/20/2017 16:20,1
126,36,HIJO(A),HOMBRE,16,OTROS,BACHILLERATO,SI,NO,NO POSEE GANADO,05/07/2018 12:09,7/20/2017 16:28,1
127,36,MADRE,MUJER,54,CAMPESINO,NO ESTUDIA,SI,NO,AVES DE CORRAL,05/07/2018 12:09,7/20/2017 16:33,1
128,36,HIJO(A),MUJER,21,OTROS,UNIVERSIDAD,SI,NO,NO POSEE GANADO,05/07/2018 12:09,7/20/2017 16:35,1
129,37,PADRE,HOMBRE,53,TRABAJA EN TIENDA,NO ESTUDIA,SI,NO,EQUINOS,05/07/2018 12:09,7/20/2017 7:59,1
130,37,MADRE,MUJER,50,AMA DE CASA,NO ESTUDIA,AVECES,NO,AVES DE CORRAL,05/07/2018 12:09,7/20/2017 8:02,1
131,38,PADRE,HOMBRE,85,JORNALERO,NO ESTUDIA,SI,NO,AVES DE CORRAL,05/07/2018 12:09,7/20/2017 13:22,1
132,39,PADRE,HOMBRE,37,JORNALERO,NO ESTUDIA,SI,0,EQUINOS,05/07/2018 12:09,7/20/2017 16:01,1
133,39,INDEFINIDO,HOMBRE,0,OTROS,NO ESTUDIA,AVECES,0,PORCINOS,05/07/2018 12:09,7/20/2017 16:02,1
134,39,MADRE,MUJER,34,CAMPESINO,NO ESTUDIA,SI,NO,AVES DE CORRAL,05/07/2018 12:09,7/20/2017 16:04,1
135,39,INDEFINIDO,MUJER,0,OTROS,NO ESTUDIA,AVECES,0,AVES DE CORRAL,05/07/2018 12:09,7/20/2017 16:05,1
136,39,HIJO(A),MUJER,13,OTROS,SECUNDARIA,0,NO,NO POSEE GANADO,05/07/2018 12:09,7/20/2017 16:07,1
137,39,HIJO(A),HOMBRE,9,OTROS,PRIMARIA,0,NO,NO POSEE GANADO,05/07/2018 12:09,7/20/2017 16:09,1
138,39,HIJO(A),MUJER,4,OTROS,NO ESTUDIA,AVECES,NO,NO POSEE GANADO,05/07/2018 12:09,7/20/2017 16:10,1
139,40,PADRE,HOMBRE,46,JORNALERO,NO ESTUDIA,SI,0,EQUINOS,05/07/2018 12:09,7/21/2017 3:22,1
140,40,MADRE,MUJER,40,CAMPESINO,NO ESTUDIA,SI,NO,AVES DE CORRAL,05/07/2018 12:09,7/21/2017 3:24,1
141,40,INDEFINIDO,MUJER,0,OTROS,NO ESTUDIA,AVECES,0,AVES DE CORRAL,05/07/2018 12:09,7/21/2017 3:24,1
142,40,HIJO(A),HOMBRE,21,JORNALERO,NO ESTUDIA,SI,NO,NO POSEE GANADO,05/07/2018 12:09,7/21/2017 3:26,1
143,40,HIJO(A),HOMBRE,15,OTROS,SECUNDARIA,SI,NO,NO POSEE GANADO,05/07/2018 12:09,7/21/2017 3:27,1
144,40,HIJO(A),HOMBRE,12,OTROS,PRIMARIA,SI,NO,NO POSEE GANADO,05/07/2018 12:09,7/21/2017 3:29,1
145,40,HIJO(A),HOMBRE,8,OTROS,PRIMARIA,SI,NO,NO POSEE GANADO,05/07/2018 12:09,7/21/2017 3:29,1
146,41,PADRE,HOMBRE,54,JORNALERO,NO ESTUDIA,SI,NO,EQUINOS,05/07/2018 12:09,7/21/2017 12:33,1
147,41,INDEFINIDO,HOMBRE,0,OTROS,NO ESTUDIA,AVECES,0,EQUINOS,05/07/2018 12:09,7/21/2017 12:36,1
148,41,INDEFINIDO,HOMBRE,0,OTROS,NO ESTUDIA,AVECES,0,EQUINOS,05/07/2018 12:09,7/21/2017 12:36,1
149,41,INDEFINIDO,HOMBRE,0,OTROS,NO ESTUDIA,AVECES,0,BOVINOS,05/07/2018 12:09,7/21/2017 12:37,1
150,41,MADRE,MUJER,54,AMA DE CASA,NO ESTUDIA,AVECES,NO,AVES DE CORRAL,05/07/2018 12:09,7/21/2017 12:37,1
151,42,PADRE,HOMBRE,75,OTROS,NO ESTUDIA,NO,NO,NO POSEE GANADO,05/07/2018 12:09,7/21/2017 16:25,1
152,42,MADRE,MUJER,75,CAMPESINO,NO ESTUDIA,SI,NO,AVES DE CORRAL,05/07/2018 12:09,7/21/2017 16:28,1
153,42,INDEFINIDO,MUJER,0,OTROS,NO ESTUDIA,AVECES,0,AVES DE CORRAL,05/07/2018 12:09,7/21/2017 16:29,1
154,42,HIJO(A),HOMBRE,16,ESTUDIANTE,SECUNDARIA,SI,NO,NO POSEE GANADO,05/07/2018 12:09,7/21/2017 16:30,1
155,43,MADRE,MUJER,70,OTROS,NO ESTUDIA,SI,NO,AVES DE CORRAL,05/07/2018 12:09,7/21/2017 17:54,1
156,43,INDEFINIDO,MUJER,0,OTROS,NO ESTUDIA,AVECES,0,AVES DE CORRAL,05/07/2018 12:09,7/21/2017 17:54,1
157,44,PADRE,HOMBRE,65,JORNALERO,NO ESTUDIA,SI,NO,EQUINOS,05/07/2018 12:09,7/22/2017 6:08,1
158,44,INDEFINIDO,HOMBRE,0,OTROS,NO ESTUDIA,AVECES,0,PORCINOS,05/07/2018 12:09,7/22/2017 6:09,1
159,44,MADRE,MUJER,60,CAMPESINO,NO ESTUDIA,SI,0,AVES DE CORRAL,05/07/2018 12:09,7/22/2017 6:10,1
160,44,INDEFINIDO,MUJER,0,OTROS,NO ESTUDIA,AVECES,0,AVES DE CORRAL,05/07/2018 12:09,7/22/2017 6:10,1
161,45,PADRE,HOMBRE,37,JORNALERO,NO ESTUDIA,SI,0,EQUINOS,05/07/2018 12:09,7/22/2017 9:47,1
162,45,INDEFINIDO,HOMBRE,0,OTROS,NO ESTUDIA,AVECES,0,PORCINOS,05/07/2018 12:09,7/22/2017 9:47,1
163,45,MADRE,MUJER,37,CAMPESINO,NO ESTUDIA,SI,NO,AVES DE CORRAL,05/07/2018 12:09,7/22/2017 9:49,1
164,45,INDEFINIDO,MUJER,0,OTROS,NO ESTUDIA,AVECES,0,AVES DE CORRAL,05/07/2018 12:09,7/22/2017 9:49,1
165,45,HIJO(A),MUJER,11,OTROS,PRIMARIA,NO,NO,NO POSEE GANADO,05/07/2018 12:09,7/22/2017 9:50,1
166,36,INDEFINIDO,HOMBRE,0,OTROS,NO ESTUDIA,AVECES,0,0,05/07/2018 12:09,7/22/2017 12:51,1
167,46,PADRE,HOMBRE,56,JORNALERO,NO ESTUDIA,SI,NO,NO POSEE GANADO,05/07/2018 12:09,7/22/2017 14:51,1
168,46,MADRE,MUJER,53,AMA DE CASA,NO ESTUDIA,NO,NO,AVES DE CORRAL,05/07/2018 12:09,7/22/2017 14:52,1
169,46,INDEFINIDO,MUJER,0,OTROS,NO ESTUDIA,AVECES,0,PORCINOS,05/07/2018 12:09,7/22/2017 14:52,1
170,47,PADRE,HOMBRE,40,JORNALERO,NO ESTUDIA,SI,NO,PORCINOS,05/07/2018 12:09,7/22/2017 17:20,1
171,47,MADRE,MUJER,40,AMA DE CASA,NO ESTUDIA,AVECES,NO,NO POSEE GANADO,05/07/2018 12:09,7/22/2017 17:21,1
172,47,HIJO(A),HOMBRE,18,ESTUDIANTE,BACHILLERATO,SI,NO,NO POSEE GANADO,05/07/2018 12:09,7/22/2017 17:23,1
173,47,HIJO(A),HOMBRE,15,OTROS,BACHILLERATO,SI,NO,NO POSEE GANADO,05/07/2018 12:09,7/22/2017 17:24,1
174,47,HIJO(A),MUJER,13,OTROS,SECUNDARIA,SI,NO,NO POSEE GANADO,05/07/2018 12:09,7/22/2017 17:25,1
175,47,HIJO(A),HOMBRE,12,OTROS,PRIMARIA,SI,NO,NO POSEE GANADO,05/07/2018 12:09,7/22/2017 17:27,1
176,47,HIJO(A),HOMBRE,6,OTROS,PRIMARIA,NO,NO,NO POSEE GANADO,05/07/2018 12:09,7/22/2017 17:28,1
177,48,PADRE,HOMBRE,22,OTROS,NO ESTUDIA,NO,SI,NO POSEE GANADO,05/07/2018 12:09,7/23/2017 1:03,1
178,48,MADRE,MUJER,22,AMA DE CASA,NO ESTUDIA,NO,NO,NO POSEE GANADO,05/07/2018 12:09,7/23/2017 1:03,1
179,48,HIJO(A),MUJER,3,OTROS,NO ESTUDIA,NO,NO,NO POSEE GANADO,05/07/2018 12:09,7/23/2017 1:04,1
180,49,PADRE,HOMBRE,75,JORNALERO,NO ESTUDIA,SI,NO,NO POSEE GANADO,05/07/2018 12:09,7/23/2017 3:10,1
181,49,MADRE,MUJER,74,AMA DE CASA,NO ESTUDIA,NO,NO,AVES DE CORRAL,05/07/2018 12:09,7/23/2017 3:11,1
182,50,MADRE,MUJER,44,CAMPESINO,NO ESTUDIA,AVECES,NO,AVES DE CORRAL,05/07/2018 12:09,7/23/2017 9:00,1
183,50,HIJO(A),MUJER,10,OTROS,PRIMARIA,SI,NO,NO POSEE GANADO,05/07/2018 12:09,7/23/2017 9:01,1
184,50,HIJO(A),HOMBRE,8,OTROS,PRIMARIA,SI,NO,NO POSEE GANADO,05/07/2018 12:09,7/23/2017 9:02,1
185,51,PADRE,HOMBRE,64,TRABAJA EN TIENDA,NO ESTUDIA,SI,NO,NO POSEE GANADO,05/07/2018 12:09,7/23/2017 18:19,1
186,51,MADRE,MUJER,67,AMA DE CASA,NO ESTUDIA,NO,NO,AVES DE CORRAL,05/07/2018 12:09,7/23/2017 18:19,1
187,52,PADRE,HOMBRE,64,JORNALERO,NO ESTUDIA,SI,NO,NO POSEE GANADO,05/07/2018 12:09,7/23/2017 18:51,1
188,52,MADRE,MUJER,60,AMA DE CASA,NO ESTUDIA,NO,NO,AVES DE CORRAL,05/07/2018 12:09,7/23/2017 18:52,1
189,52,INDEFINIDO,MUJER,0,OTROS,NO ESTUDIA,AVECES,0,PORCINOS,05/07/2018 12:09,7/23/2017 18:53,1
190,53,PADRE,HOMBRE,49,CARPINTERO(A),NO ESTUDIA,SI,NO,EQUINOS,05/07/2018 12:09,7/24/2017 9:05,1
191,53,MADRE,MUJER,44,AMA DE CASA,NO ESTUDIA,NO,NO,AVES DE CORRAL,05/07/2018 12:09,7/24/2017 9:06,1
192,53,INDEFINIDO,MUJER,0,OTROS,NO ESTUDIA,AVECES,0,PORCINOS,05/07/2018 12:09,7/24/2017 9:06,1
193,54,PADRE,HOMBRE,70,JORNALERO,NO ESTUDIA,SI,NO,PORCINOS,05/07/2018 12:09,7/24/2017 13:41,1
194,54,MADRE,MUJER,73,AMA DE CASA,NO ESTUDIA,NO,NO,AVES DE CORRAL,05/07/2018 12:09,7/24/2017 13:42,1
195,55,PADRE,HOMBRE,55,JORNALERO,NO ESTUDIA,NO,NO,AVES DE CORRAL,05/07/2018 12:09,7/24/2017 15:35,1
196,55,INDEFINIDO,HOMBRE,0,OTROS,NO ESTUDIA,AVECES,0,PORCINOS,05/07/2018 12:09,7/24/2017 15:35,1
197,56,PADRE,HOMBRE,59,JORNALERO,NO ESTUDIA,SI,NO,AVES DE CORRAL,05/07/2018 12:09,7/25/2017 7:26,1
198,56,MADRE,MUJER,57,AMA DE CASA,NO ESTUDIA,NO,NO,PORCINOS,05/07/2018 12:09,7/25/2017 7:28,1
199,57,PADRE,HOMBRE,64,JORNALERO,NO ESTUDIA,SI,NO,NO POSEE GANADO,05/07/2018 12:09,7/25/2017 16:58,1
200,57,MADRE,MUJER,60,AMA DE CASA,NO ESTUDIA,NO,NO,NO POSEE GANADO,05/07/2018 12:09,7/25/2017 16:59,1
201,58,PADRE,HOMBRE,62,JORNALERO,NO ESTUDIA,SI,NO,NO POSEE GANADO,05/07/2018 12:09,7/25/2017 18:12,1
202,58,MADRE,MUJER,65,AMA DE CASA,NO ESTUDIA,NO,NO,AVES DE CORRAL,05/07/2018 12:09,7/25/2017 18:13,1
203,59,PADRE,HOMBRE,55,JORNALERO,NO ESTUDIA,SI,NO,AVES DE CORRAL,05/07/2018 12:09,7/26/2017 13:06,1
204,59,MADRE,MUJER,50,AMA DE CASA,NO ESTUDIA,NO,NO,AVES DE CORRAL,05/07/2018 12:09,7/26/2017 13:06,1
205,59,HIJO(A),MUJER,15,ESTUDIANTE,SECUNDARIA,NO,NO,NO POSEE GANADO,05/07/2018 12:09,7/26/2017 13:07,1
206,60,PADRE,HOMBRE,62,JORNALERO,NO ESTUDIA,SI,NO,PORCINOS,05/07/2018 12:09,7/26/2017 17:28,1
207,60,MADRE,MUJER,42,AMA DE CASA,NO ESTUDIA,NO,NO,AVES DE CORRAL,05/07/2018 12:09,7/26/2017 17:29,1
208,60,INDEFINIDO,MUJER,0,OTROS,NO ESTUDIA,AVECES,0,0,05/07/2018 12:09,7/26/2017 17:29,1
209,60,HIJO(A),HOMBRE,17,OTROS,BACHILLERATO,NO,NO,NO POSEE GANADO,05/07/2018 12:09,7/26/2017 17:31,1
210,60,HIJO(A),HOMBRE,16,JORNALERO,NO ESTUDIA,SI,NO,NO POSEE GANADO,05/07/2018 12:09,7/26/2017 17:32,1
211,60,INDEFINIDO,HOMBRE,15,ESTUDIANTE,SECUNDARIA,SI,NO,NO POSEE GANADO,05/07/2018 12:09,7/26/2017 17:34,1
212,60,HIJO(A),HOMBRE,14,JORNALERO,NO ESTUDIA,SI,NO,NO POSEE GANADO,05/07/2018 12:09,7/26/2017 17:35,1
213,61,PADRE,HOMBRE,26,JORNALERO,NO ESTUDIA,SI,NO,NO POSEE GANADO,05/07/2018 12:09,7/26/2017 22:36,1
214,61,MADRE,MUJER,21,AMA DE CASA,NO ESTUDIA,NO,NO,NO POSEE GANADO,05/07/2018 12:09,7/26/2017 23:07,1
215,61,HIJO(A),MUJER,5,OTROS,NO ESTUDIA,NO,NO,NO POSEE GANADO,05/07/2018 12:09,7/26/2017 23:08,1
216,62,PADRE,HOMBRE,44,JORNALERO,NO ESTUDIA,SI,NO,AVES DE CORRAL,05/07/2018 12:09,7/27/2017 3:51,1
217,62,MADRE,MUJER,42,AMA DE CASA,NO ESTUDIA,NO,NO,AVES DE CORRAL,05/07/2018 12:09,7/27/2017 3:52,1
218,62,HIJO(A),MUJER,15,OTROS,SECUNDARIA,NO,NO,NO POSEE GANADO,05/07/2018 12:09,7/27/2017 3:53,1
219,62,HIJO(A),HOMBRE,8,OTROS,PRIMARIA,NO,NO,NO POSEE GANADO,05/07/2018 12:09,7/27/2017 3:54,1
220,63,PADRE,HOMBRE,34,TRABAJA EN TIENDA,NO ESTUDIA,NO,NO,AVES DE CORRAL,05/07/2018 12:09,7/27/2017 9:30,1
221,63,INDEFINIDO,HOMBRE,0,OTROS,NO ESTUDIA,AVECES,0,PORCINOS,05/07/2018 12:09,7/27/2017 9:30,1
222,64,MADRE,HOMBRE,68,AMA DE CASA,NO ESTUDIA,NO,NO,PORCINOS,05/07/2018 12:09,7/27/2017 11:15,1
223,64,INDEFINIDO,MUJER,0,OTROS,NO ESTUDIA,AVECES,0,AVES DE CORRAL,05/07/2018 12:09,7/27/2017 11:15,1
224,65,PADRE,HOMBRE,57,JORNALERO,NO ESTUDIA,SI,NO,PORCINOS,05/07/2018 12:09,7/27/2017 12:10,1
225,65,MADRE,HOMBRE,55,AMA DE CASA,NO ESTUDIA,NO,NO,AVES DE CORRAL,05/07/2018 12:09,7/27/2017 12:11,1
226,66,PADRE,HOMBRE,57,JORNALERO,NO ESTUDIA,SI,NO,NO POSEE GANADO,05/07/2018 12:09,7/27/2017 15:04,1
227,66,MADRE,MUJER,52,AMA DE CASA,NO ESTUDIA,NO,NO,AVES DE CORRAL,05/07/2018 12:09,7/27/2017 15:06,1
228,67,PADRE,HOMBRE,67,JORNALERO,NO ESTUDIA,SI,NO,NO POSEE GANADO,05/07/2018 12:09,7/27/2017 16:35,1
229,67,MADRE,MUJER,61,AMA DE CASA,NO ESTUDIA,NO,NO,AVES DE CORRAL,05/07/2018 12:09,7/27/2017 16:36,1
230,68,PADRE,HOMBRE,40,JORNALERO,NO ESTUDIA,NO,SI,PORCINOS,05/07/2018 12:09,7/27/2017 17:34,1
231,68,MADRE,MUJER,40,AMA DE CASA,NO ESTUDIA,NO,NO,AVES DE CORRAL,05/07/2018 12:09,7/27/2017 17:35,1
232,68,HIJO(A),MUJER,9,OTROS,PRIMARIA,NO,NO,NO POSEE GANADO,05/07/2018 12:09,7/27/2017 17:36,1
233,69,PADRE,HOMBRE,74,JORNALERO,NO ESTUDIA,SI,NO,NO POSEE GANADO,05/07/2018 12:09,7/27/2017 18:23,1
234,69,MADRE,MUJER,60,AMA DE CASA,NO ESTUDIA,NO,NO,NO POSEE GANADO,05/07/2018 12:09,7/27/2017 18:24,1
288,89,ESPOSO(A),HOMBRE,53,JORNALERO,PRIMARIA,NO,SI,NO POSEE GANADO,05/07/2018 12:09,08/10/2017 04:43,1
289,89,ESPOSO(A),HOMBRE,42,AMA DE CASA,NO ESTUDIA,NO,SI,AVES DE CORRAL Y CONEJOS,05/08/2018 14:57,08/10/2017 04:46,1
290,89,HIJO(A),HOMBRE,23,ESTUDIANTE,UNIVERSIDAD,NO,SI,NO POSEE GANADO,05/07/2018 12:09,08/10/2017 04:47,1
291,89,HIJO(A),HOMBRE,19,ESTUDIANTE,BACHILLERATO,NO,NO,NO POSEE GANADO,05/07/2018 12:09,08/10/2017 04:48,1
292,90,ESPOSO(A),HOMBRE,80,JORNALERO,SIN ESCOLARIDAD,SI,NO,NO POSEE GANADO,05/07/2018 12:09,08/10/2017 22:54,1
293,90,ESPOSO(A),MUJER,78,AMA DE CASA,SIN ESCOLARIDAD,NO,NO,NO POSEE GANADO,05/07/2018 12:09,08/10/2017 22:55,1
294,90,HIJO(A),HOMBRE,0,JORNALERO,BACHILLERATO,NO,SI,AVES DE CORRAL Y BOVINOS,05/07/2018 12:09,08/10/2017 23:00,1
295,90,HIJO(A),MUJER,36,AMA DE CASA,PRIMARIA,NO,SI,AVES DE CORRAL,05/07/2018 12:09,08/10/2017 23:00,1
296,91,ESPOSO(A),HOMBRE,67,JORNALERO,SIN ESCOLARIDAD,NO,NO,NO POSEE GANADO,05/07/2018 12:09,08/10/2017 23:49,1
297,91,ESPOSO(A),MUJER,66,AMA DE CASA,SIN ESCOLARIDAD,NO,NO,AVES DE CORRAL,05/07/2018 12:09,08/10/2017 23:49,1
298,92,PADRE,HOMBRE,65,JORNALERO,SIN ESCOLARIDAD,NO,NO,NO POSEE GANADO,05/07/2018 12:09,08/11/2017 01:22,1
299,92,ESPOSO(A),MUJER,63,AMA DE CASA,SIN ESCOLARIDAD,NO,NO,NO POSEE GANADO,05/07/2018 12:09,08/11/2017 01:23,1
300,92,HIJO(A),MUJER,33,AMA DE CASA,BACHILLERATO,NO,NO,AVES DE CORRAL,05/07/2018 12:09,08/11/2017 01:25,1
301,92,HIJO(A),MUJER,22,ESTUDIANTE,UNIVERSIDAD,NO,NO,NO POSEE GANADO,05/07/2018 12:09,08/11/2017 01:26,1
302,93,ESPOSO(A),HOMBRE,42,ALBAÑIL,PRIMARIA,NO,SI,NO POSEE GANADO,05/07/2018 12:09,08/11/2017 02:21,1
303,93,ESPOSO(A),MUJER,39,AMA DE CASA,PRIMARIA,NO,SI,PORCINOS,05/07/2018 12:09,08/11/2017 02:23,1
304,93,HIJO(A),HOMBRE,17,ESTUDIANTE,PRIMARIA,NO,NO,NO POSEE GANADO,05/07/2018 12:09,08/11/2017 02:23,1
305,93,HIJO(A),HOMBRE,11,ESTUDIANTE,PRIMARIA,NO,NO,NO POSEE GANADO,05/07/2018 12:09,08/11/2017 02:25,1
306,94,ESPOSO(A),HOMBRE,41,JORNALERO,PRIMARIA,SI,SI,NO POSEE GANADO,05/07/2018 12:09,08/11/2017 03:21,1
307,94,ESPOSO(A),MUJER,40,AMA DE CASA,PRIMARIA,NO,NO,AVES DE CORRAL,05/07/2018 12:09,08/11/2017 03:22,1
308,94,HIJO(A),HOMBRE,7,ESTUDIANTE,PRIMARIA,NO,NO,NO POSEE GANADO,05/07/2018 12:09,08/11/2017 03:23,1
309,94,HIJO(A),MUJER,4,ESTUDIANTE,PRIMARIA,NO,NO,NO POSEE GANADO,05/07/2018 12:09,08/11/2017 03:24,1
310,95,ESPOSO(A),HOMBRE,45,JORNALERO,SIN ESCOLARIDAD,NO,NO,NO POSEE GANADO,05/07/2018 12:09,08/11/2017 04:01,1
311,95,ESPOSO(A),MUJER,40,AMA DE CASA,SIN ESCOLARIDAD,NO,NO,AVES DE CORRAL Y PORCINOS,05/07/2018 12:09,08/11/2017 04:02,1
312,95,HIJO(A),HOMBRE,22,JORNALERO,PRIMARIA,SI,NO,NO POSEE GANADO,05/07/2018 12:09,08/11/2017 04:02,1
313,95,HIJO(A),MUJER,15,ESTUDIANTE,BACHILLERATO,NO,NO,NO POSEE GANADO,05/07/2018 12:09,08/11/2017 04:03,1
314,96,ESPOSO(A),HOMBRE,80,JORNALERO,SIN ESCOLARIDAD,NO,NO,NO POSEE GANADO,05/07/2018 12:09,08/11/2017 04:35,1
315,96,ESPOSO(A),MUJER,65,AMA DE CASA,SIN ESCOLARIDAD,NO,NO,AVES DE CORRAL,05/07/2018 12:09,08/11/2017 04:36,1
316,96,HIJO(A),MUJER,40,AMA DE CASA,PRIMARIA,NO,NO,NO POSEE GANADO,05/07/2018 12:09,08/11/2017 04:38,1
317,97,PADRE,HOMBRE,65,JORNALERO,SIN ESCOLARIDAD,NO,NO,PORCINOS,05/07/2018 12:09,08/11/2017 05:05,1
318,97,HIJO(A),MUJER,31,AMA DE CASA,PRIMARIA,NO,NO,NO POSEE GANADO,05/07/2018 12:09,08/11/2017 05:06,1
319,98,ESPOSO(A),HOMBRE,72,OTROS,PRIMARIA,NO,NO,AVES DE CORRAL Y PORCINOS,05/07/2018 12:09,08/11/2017 05:46,1
320,98,ESPOSO(A),MUJER,69,AMA DE CASA,SIN ESCOLARIDAD,NO,NO,NO POSEE GANADO,05/07/2018 12:09,08/11/2017 05:47,1
321,99,ESPOSO(A),HOMBRE,72,JORNALERO,PRIMARIA,NO,NO,AVES DE CORRAL Y PORCINOS,05/07/2018 12:09,08/11/2017 06:28,1
322,99,ESPOSO(A),MUJER,69,AMA DE CASA,SIN ESCOLARIDAD,NO,NO,NO POSEE GANADO,05/07/2018 12:09,08/11/2017 06:28,1
323,100,MADRE,MUJER,43,AMA DE CASA,SIN ESCOLARIDAD,NO,NO,AVES DE CORRAL Y PORCINOS,05/07/2018 12:09,08/11/2017 07:01,1
324,100,HIJO(A),MUJER,28,AMA DE CASA,BACHILLERATO,NO,NO,NO POSEE GANADO,05/07/2018 12:09,08/11/2017 07:03,1
325,100,HIJO(A),MUJER,25,AMA DE CASA,BACHILLERATO,NO,NO,NO POSEE GANADO,05/07/2018 12:09,08/11/2017 07:04,1
326,101,MADRE,MUJER,50,AMA DE CASA,SIN ESCOLARIDAD,SI,SI,AVES DE CORRAL Y CONEJOS,05/08/2018 15:00,08/11/2017 16:27,1
327,101,HIJO(A),MUJER,12,ESTUDIANTE,PRIMARIA,NO,NO,NO POSEE GANADO,05/07/2018 12:09,08/11/2017 16:29,1
328,101,HIJO(A),MUJER,9,ESTUDIANTE,PRIMARIA,NO,NO,NO POSEE GANADO,05/07/2018 12:09,08/11/2017 16:29,1
329,102,ESPOSO(A),HOMBRE,56,JORNALERO,SIN ESCOLARIDAD,SI,SI,NO POSEE GANADO,05/07/2018 12:09,08/11/2017 17:57,1
330,102,ESPOSO(A),MUJER,43,AMA DE CASA,SIN ESCOLARIDAD,NO,NO,NO POSEE GANADO,05/07/2018 12:09,08/11/2017 17:58,1
331,102,HIJO(A),HOMBRE,20,ESTUDIANTE,BACHILLERATO,NO,NO,NO POSEE GANADO,05/07/2018 12:09,08/11/2017 18:00,1
332,102,HIJO(A),HOMBRE,15,ESTUDIANTE,PRIMARIA,NO,NO,NO POSEE GANADO,05/07/2018 12:09,08/11/2017 18:00,1
333,102,HIJO(A),MUJER,12,ESTUDIANTE,PRIMARIA,NO,NO,NO POSEE GANADO,05/07/2018 12:09,08/11/2017 18:01,1
334,103,TIO(A),HOMBRE,52,JORNALERO,PRIMARIA,SI,NO,NO POSEE GANADO,05/08/2018 15:02,08/11/2017 18:50,1
335,103,MADRE,HOMBRE,63,AMA DE CASA,SIN ESCOLARIDAD,SI,NO,NO POSEE GANADO,05/07/2018 12:09,08/11/2017 18:51,1
336,103,HIJO(A),HOMBRE,28,OTROS,UNIVERSIDAD,NO,NO,NO POSEE GANADO,05/07/2018 12:09,08/11/2017 18:52,1
337,103,HIJO(A),MUJER,23,ESTUDIANTE,UNIVERSIDAD,NO,NO,NO POSEE GANADO,05/07/2018 12:09,08/11/2017 18:53,1
338,104,ESPOSO(A),HOMBRE,54,JORNALERO,SIN ESCOLARIDAD,SI,NO,NO POSEE GANADO,05/07/2018 12:09,08/11/2017 19:18,1
339,104,ESPOSO(A),MUJER,53,AMA DE CASA,SIN ESCOLARIDAD,NO,NO,AVES DE CORRAL,05/07/2018 12:09,08/11/2017 19:19,1
340,105,ESPOSO(A),HOMBRE,84,JORNALERO,SIN ESCOLARIDAD,SI,NO,AVES DE CORRAL Y PORCINOS,05/07/2018 12:09,08/11/2017 19:55,1
341,105,ESPOSO(A),MUJER,80,AMA DE CASA,SIN ESCOLARIDAD,NO,NO,NO POSEE GANADO,05/07/2018 12:09,08/11/2017 19:56,1
342,106,ESPOSO(A),HOMBRE,39,JORNALERO,SIN ESCOLARIDAD,SI,SI,NO POSEE GANADO,05/07/2018 12:09,08/11/2017 20:38,1
343,106,ESPOSO(A),MUJER,32,AMA DE CASA,SIN ESCOLARIDAD,NO,SI,PORCINOS,05/07/2018 12:09,08/11/2017 20:39,1
344,106,HIJO(A),HOMBRE,16,ESTUDIANTE,BACHILLERATO,NO,NO,NO POSEE GANADO,05/07/2018 12:09,08/11/2017 20:40,1
345,106,HIJO(A),HOMBRE,14,ESTUDIANTE,PRIMARIA,NO,NO,NO POSEE GANADO,05/07/2018 12:09,08/11/2017 20:41,1
346,120,INDEFINIDO,HOMBRE,65,CAMPESINO,NO ESTUDIA,AVECES,0,0,05/07/2018 12:09,7/25/2017 4:25,1
347,120,HIJO(A),HOMBRE,21,ESTUDIANTE,UNIVERSIDAD,SI,0,0,05/07/2018 12:09,7/25/2017 4:27,1
348,120,ESPOSO(A),MUJER,51,AMA DE CASA,NO ESTUDIA,AVECES,0,0,05/07/2018 12:09,7/25/2017 4:35,1
349,121,INDEFINIDO,HOMBRE,63,JORNALERO,UNIVERSIDAD,SI,0,0,05/07/2018 12:09,7/25/2017 16:02,1
350,121,ESPOSO(A),MUJER,49,AMA DE CASA,NO ESTUDIA,AVECES,0,AVES DE CORRAL,05/07/2018 12:09,7/25/2017 16:04,1
351,121,HIJO(A),HOMBRE,27,JORNALERO,NO ESTUDIA,SI,0,0,05/07/2018 12:09,7/25/2017 16:07,1
352,121,HIJO(A),HOMBRE,24,ALBAÑIL,SECUNDARIA,0,SI,0,05/07/2018 12:09,7/25/2017 16:08,1
353,122,INDEFINIDO,HOMBRE,69,JORNALERO,NO ESTUDIA,AVECES,0,0,05/07/2018 12:09,7/26/2017 3:23,1
354,122,ESPOSO(A),MUJER,49,AMA DE CASA,NO ESTUDIA,AVECES,0,0,05/07/2018 12:09,7/26/2017 3:24,1
355,122,NIETO(A),MUJER,10,ESTUDIANTE,PRIMARIA,0,0,0,05/07/2018 12:09,7/26/2017 3:25,1
356,123,INDEFINIDO,HOMBRE,67,CAMPESINO,NO ESTUDIA,AVECES,0,0,05/07/2018 12:09,7/26/2017 5:03,1
357,123,ESPOSO(A),MUJER,65,AMA DE CASA,NO ESTUDIA,AVECES,0,0,05/07/2018 12:09,7/26/2017 5:04,1
358,124,INDEFINIDO,HOMBRE,57,CAMPESINO,NO ESTUDIA,AVECES,0,0,05/07/2018 12:09,7/26/2017 17:09,1
359,124,ESPOSO(A),MUJER,55,AMA DE CASA,NO ESTUDIA,AVECES,0,0,05/07/2018 12:09,7/26/2017 17:10,1
360,124,HIJO(A),HOMBRE,19,CAMPESINO,NO ESTUDIA,AVECES,0,0,05/07/2018 12:09,7/26/2017 17:11,1
361,125,MADRE,MUJER,65,AMA DE CASA,NO ESTUDIA,AVECES,0,0,05/07/2018 12:09,7/28/2017 1:06,1
362,126,ESPOSO(A),MUJER,60,AMA DE CASA,NO ESTUDIA,AVECES,0,0,05/07/2018 12:09,7/29/2017 22:45,1
363,126,MADRE,MUJER,90,OTROS,NO ESTUDIA,AVECES,0,0,05/07/2018 12:09,7/29/2017 22:46,1
364,126,HERMANO(A),MUJER,52,OTROS,NO ESTUDIA,AVECES,0,0,05/08/2018 15:03,7/29/2017 22:47,1
365,125,INDEFINIDO,HOMBRE,44,JORNALERO,NO ESTUDIA,AVECES,0,0,05/07/2018 12:09,7/29/2017 22:56,1
366,127,PADRE,HOMBRE,0,JORNALERO,NO ESTUDIA,SI,0,BOVINOS Y PORCINOS,05/07/2018 12:09,7/30/2017 5:34,1
367,127,MADRE,MUJER,54,AMA DE CASA,NO ESTUDIA,AVECES,0,AVES DE CORRAL,05/07/2018 12:09,7/30/2017 5:34,1
368,127,HIJO(A),HOMBRE,32,JORNALERO,NO ESTUDIA,SI,0,0,05/07/2018 12:09,7/30/2017 5:35,1
369,127,ESPOSO(A),MUJER,21,AMA DE CASA,NO ESTUDIA,AVECES,0,0,05/07/2018 12:09,7/30/2017 5:36,1
370,127,HIJO(A),HOMBRE,31,JORNALERO,NO ESTUDIA,SI,0,0,05/07/2018 12:09,7/30/2017 5:37,1
371,127,HIJO(A),MUJER,22,AMA DE CASA,NO ESTUDIA,AVECES,SI,0,05/07/2018 12:09,7/30/2017 5:38,1
372,127,HIJO(A),HOMBRE,24,JORNALERO,NO ESTUDIA,AVECES,SI,0,05/07/2018 12:09,7/30/2017 5:44,1
373,128,INDEFINIDO,HOMBRE,82,JORNALERO,NO ESTUDIA,AVECES,0,0,05/07/2018 12:09,08/02/2017 02:03,1
374,128,ESPOSO(A),HOMBRE,0,AMA DE CASA,NO ESTUDIA,AVECES,0,AVES DE CORRAL,05/07/2018 12:09,08/02/2017 02:08,1
375,128,HIJO(A),HOMBRE,36,JORNALERO,NO ESTUDIA,SI,0,0,05/07/2018 12:09,08/02/2017 02:06,1
376,128,HERMANO(A),HOMBRE,75,JORNALERO,NO ESTUDIA,SI,0,0,05/08/2018 15:03,08/02/2017 02:07,1
377,128,ESPOSO(A),MUJER,63,AMA DE CASA,NO ESTUDIA,AVECES,0,0,05/07/2018 12:09,08/02/2017 02:08,1
378,129,INDEFINIDO,HOMBRE,64,JORNALERO,NO ESTUDIA,AVECES,0,0,05/07/2018 12:09,08/04/2017 03:50,1
379,129,ESPOSO(A),MUJER,56,AMA DE CASA,NO ESTUDIA,AVECES,0,AVES DE CORRAL,05/07/2018 12:09,08/04/2017 03:51,1
380,129,MADRE,MUJER,85,AMA DE CASA,NO ESTUDIA,AVECES,0,0,05/07/2018 12:09,08/04/2017 03:52,1
381,129,NIETO(A),MUJER,13,ESTUDIANTE,PRIMARIA,0,0,0,05/07/2018 12:09,08/04/2017 03:54,1
382,129,NIETO(A),MUJER,12,ESTUDIANTE,PRIMARIA,0,0,0,05/07/2018 12:09,08/04/2017 03:55,1
383,129,NIETO(A),MUJER,10,ESTUDIANTE,PRIMARIA,0,0,0,05/07/2018 12:09,08/04/2017 03:56,1
384,130,INDEFINIDO,HOMBRE,64,JORNALERO,NO ESTUDIA,AVECES,0,0,05/07/2018 12:09,08/04/2017 04:59,1
385,130,ESPOSO(A),MUJER,40,AMA DE CASA,NO ESTUDIA,AVECES,0,0,05/07/2018 12:09,08/04/2017 05:00,1
386,130,HIJO(A),MUJER,17,TRABAJA EN TIENDA,NO ESTUDIA,AVECES,0,0,05/07/2018 12:09,08/04/2017 05:00,1
387,130,HIJO(A),MUJER,15,ESTUDIANTE,PRIMARIA,0,0,0,05/07/2018 12:09,08/04/2017 05:01,1
388,130,HIJO(A),HOMBRE,12,ESTUDIANTE,PRIMARIA,0,0,0,05/07/2018 12:09,08/04/2017 05:10,1
389,130,HIJO(A),MUJER,6,ESTUDIANTE,PRIMARIA,0,0,0,05/07/2018 12:09,08/04/2017 05:11,1
390,131,PADRE,HOMBRE,75,JORNALERO,NO ESTUDIA,AVECES,0,PORCINOS,05/07/2018 12:09,08/09/2017 20:35,1
391,131,ESPOSO(A),MUJER,66,AMA DE CASA,NO ESTUDIA,AVECES,0,0,05/07/2018 12:09,08/09/2017 20:36,1
392,131,HIJO(A),HOMBRE,48,JORNALERO,NO ESTUDIA,AVECES,0,0,05/07/2018 12:09,08/09/2017 20:37,1
393,131,NUERA,MUJER,48,AMA DE CASA,NO ESTUDIA,AVECES,0,0,05/08/2018 15:03,08/09/2017 20:38,1
394,131,NIETO(A),HOMBRE,21,ESTUDIANTE,UNIVERSIDAD,SI,0,0,05/07/2018 12:09,08/09/2017 20:39,1
395,132,PADRE,HOMBRE,71,JORNALERO,NO ESTUDIA,AVECES,0,AVES DE CORRAL,05/07/2018 12:09,08/09/2017 21:58,1
396,132,HIJO(A),MUJER,55,AMA DE CASA,NO ESTUDIA,AVECES,0,0,05/07/2018 12:09,08/09/2017 21:59,1
397,132,NIETO(A),MUJER,14,ESTUDIANTE,PRIMARIA,0,0,0,05/07/2018 12:09,08/09/2017 22:01,1
398,132,NIETO(A),MUJER,10,OTROS,PRIMARIA,0,0,0,05/07/2018 12:09,08/09/2017 22:03,1
399,132,NIETO(A),MUJER,8,ESTUDIANTE,PRIMARIA,0,0,0,05/07/2018 12:09,08/09/2017 22:04,1
400,133,INDEFINIDO,HOMBRE,65,JORNALERO,NO ESTUDIA,SI,0,0,05/07/2018 12:09,08/10/2017 00:22,1
401,133,ESPOSO(A),MUJER,61,AMA DE CASA,NO ESTUDIA,AVECES,0,0,05/07/2018 12:09,08/10/2017 00:24,1
402,133,HIJO(A),MUJER,23,ESTUDIANTE,NO ESTUDIA,AVECES,SI,0,05/07/2018 12:09,08/10/2017 00:25,1
403,134,INDEFINIDO,HOMBRE,48,JORNALERO,NO ESTUDIA,SI,0,0,05/07/2018 12:09,08/10/2017 02:20,1
404,134,ESPOSO(A),MUJER,45,AMA DE CASA,NO ESTUDIA,AVECES,0,0,05/07/2018 12:09,08/10/2017 02:23,1
405,134,HIJO(A),MUJER,20,AMA DE CASA,NO ESTUDIA,AVECES,0,0,05/07/2018 12:09,08/10/2017 02:23,1
406,134,HIJO(A),MUJER,12,ESTUDIANTE,PRIMARIA,0,0,0,05/07/2018 12:09,08/10/2017 02:27,1
407,135,INDEFINIDO,HOMBRE,60,JORNALERO,NO ESTUDIA,AVECES,0,0,05/07/2018 12:09,08/10/2017 17:06,1
408,135,ESPOSO(A),MUJER,55,AMA DE CASA,NO ESTUDIA,AVECES,0,AVES DE CORRAL,05/07/2018 12:09,08/10/2017 17:07,1
409,135,HIJO(A),HOMBRE,28,OTROS,NO ESTUDIA,AVECES,0,0,05/07/2018 12:09,08/10/2017 17:08,1
410,136,INDEFINIDO,HOMBRE,66,JORNALERO,NO ESTUDIA,AVECES,0,0,05/07/2018 12:09,08/10/2017 18:19,1
411,136,ESPOSO(A),MUJER,62,AMA DE CASA,NO ESTUDIA,AVECES,0,AVES DE CORRAL,05/07/2018 12:09,08/10/2017 18:19,1
412,136,HIJO(A),MUJER,22,ESTUDIANTE,NO ESTUDIA,AVECES,SI,0,05/07/2018 12:09,08/10/2017 18:21,1
413,137,INDEFINIDO,HOMBRE,58,JORNALERO,NO ESTUDIA,AVECES,0,0,05/07/2018 12:09,08/10/2017 20:39,1
414,137,HIJO(A),HOMBRE,31,JORNALERO,NO ESTUDIA,SI,0,0,05/07/2018 12:09,08/10/2017 20:39,1
415,137,HIJO(A),MUJER,20,AMA DE CASA,NO ESTUDIA,AVECES,0,0,05/07/2018 12:09,08/10/2017 20:40,1
416,137,NIETO(A),HOMBRE,8,OTROS,PRIMARIA,0,0,0,05/07/2018 12:09,08/10/2017 20:41,1
417,138,INDEFINIDO,HOMBRE,49,JORNALERO,NO ESTUDIA,AVECES,0,0,05/07/2018 12:09,08/11/2017 02:05,1
418,138,ESPOSO(A),MUJER,50,AMA DE CASA,NO ESTUDIA,AVECES,0,0,05/07/2018 12:09,08/11/2017 02:06,1
419,138,HIJO(A),HOMBRE,32,ALBAÑIL,NO ESTUDIA,AVECES,SI,0,05/07/2018 12:09,08/11/2017 02:07,1
420,138,NUERA,MUJER,30,AMA DE CASA,NO ESTUDIA,AVECES,0,0,05/08/2018 15:03,08/11/2017 02:10,1
421,138,NIETO(A),MUJER,11,ESTUDIANTE,PRIMARIA,0,0,0,05/07/2018 12:09,08/11/2017 02:11,1
422,138,NIETO(A),MUJER,9,ESTUDIANTE,PRIMARIA,0,0,0,05/07/2018 12:09,08/11/2017 02:12,1
423,138,NIETO(A),MUJER,8,ESTUDIANTE,PRIMARIA,0,0,0,05/07/2018 12:09,08/11/2017 02:14,1
424,138,NIETO(A),MUJER,2,OTROS,NO ESTUDIA,AVECES,0,0,05/07/2018 12:09,08/11/2017 02:15,1
504,151,ESPOSO(A),MUJER,78,AMA DE CASA,NO ESTUDIA,AVECES,0,0,05/07/2018 12:09,08/08/2017 02:36,1
505,151,ESPOSO(A),HOMBRE,76,CAMPESINO,NO ESTUDIA,SI,SI,AVES DE CORRAL,05/07/2018 12:09,08/08/2017 02:52,1
506,152,ESPOSO(A),HOMBRE,42,CAMPESINO,NO ESTUDIA,NO,0,NO POSEE GANADO,05/07/2018 12:09,08/11/2017 04:17,1
507,152,ESPOSO(A),MUJER,36,AMA DE CASA,NO ESTUDIA,SI,0,NO POSEE GANADO,05/07/2018 12:09,08/11/2017 04:20,1
508,152,HIJO(A),HOMBRE,15,ESTUDIANTE,SECUNDARIA,0,NO,NO POSEE GANADO,05/07/2018 12:09,08/11/2017 04:21,1
509,153,PADRE,HOMBRE,67,CAMPESINO,NO ESTUDIA,NO,SI,NO POSEE GANADO,05/07/2018 12:09,08/11/2017 05:44,1
510,153,HIJO(A),MUJER,30,AMA DE CASA,NO ESTUDIA,NO,NO,NO POSEE GANADO,05/07/2018 12:09,08/11/2017 05:46,1
511,154,ESPOSO(A),HOMBRE,50,CAMPESINO,NO ESTUDIA,SI,NO,NO POSEE GANADO,05/07/2018 12:09,08/11/2017 07:13,1
512,154,ESPOSO(A),MUJER,43,AMA DE CASA,NO ESTUDIA,NO,NO,NO POSEE GANADO,05/07/2018 12:09,08/11/2017 07:14,1
513,154,HIJO(A),HOMBRE,14,ESTUDIANTE,SECUNDARIA,NO,NO,NO POSEE GANADO,05/07/2018 12:09,08/11/2017 07:15,1
514,155,ESPOSO(A),HOMBRE,51,OTROS,NO ESTUDIA,SI,SI,NO POSEE GANADO,05/07/2018 12:09,08/11/2017 16:22,1
515,155,ESPOSO(A),MUJER,48,AMA DE CASA,NO ESTUDIA,NO,NO,AVES DE CORRAL,05/07/2018 12:09,08/11/2017 16:24,1
516,155,HIJO(A),HOMBRE,14,ESTUDIANTE,SECUNDARIA,NO,NO,NO POSEE GANADO,05/07/2018 12:09,08/11/2017 16:25,1
517,155,HIJO(A),HOMBRE,11,ESTUDIANTE,PRIMARIA,NO,NO,NO POSEE GANADO,05/07/2018 12:09,08/11/2017 16:27,1
518,156,ESPOSO(A),HOMBRE,65,CAMPESINO,NO ESTUDIA,SI,NO,NO POSEE GANADO,05/07/2018 12:09,08/11/2017 17:41,1
519,156,ESPOSO(A),MUJER,57,AMA DE CASA,NO ESTUDIA,NO,NO,AVES DE CORRAL,05/07/2018 12:09,08/11/2017 17:42,1
520,156,HIJO(A),HOMBRE,25,OTROS,NO ESTUDIA,NO,NO,NO POSEE GANADO,05/07/2018 12:09,08/11/2017 17:43,1
521,157,PADRE,HOMBRE,49,CAMPESINO,NO ESTUDIA,SI,NO,NO POSEE GANADO,05/07/2018 12:09,08/11/2017 18:49,1
522,157,ESPOSO(A),MUJER,47,AMA DE CASA,NO ESTUDIA,NO,NO,NO POSEE GANADO,05/07/2018 12:09,08/11/2017 18:50,1
523,157,HIJO(A),HOMBRE,17,ESTUDIANTE,BACHILLERATO,NO,NO,NO POSEE GANADO,05/07/2018 12:09,08/11/2017 18:51,1
524,157,HIJO(A),HOMBRE,7,ESTUDIANTE,PRIMARIA,NO,NO,NO POSEE GANADO,05/07/2018 12:09,08/11/2017 18:52,1
525,159,PADRE,HOMBRE,62,CAMPESINO,NO ESTUDIA,SI,SI,NO POSEE GANADO,05/07/2018 12:09,08/12/2017 05:42,1
526,159,ESPOSO(A),MUJER,60,AMA DE CASA,NO ESTUDIA,NO,NO,AVES DE CORRAL Y PORCINOS,05/07/2018 12:09,08/12/2017 05:42,1
527,160,ESPOSO(A),HOMBRE,82,CAMPESINO,NO ESTUDIA,SI,NO,AVES DE CORRAL,05/07/2018 12:09,08/12/2017 06:34,1
528,160,ESPOSO(A),MUJER,76,AMA DE CASA,NO ESTUDIA,NO,NO,NO POSEE GANADO,05/07/2018 12:09,08/12/2017 06:35,1
529,161,ESPOSO(A),HOMBRE,62,CAMPESINO,NO ESTUDIA,SI,NO,NO POSEE GANADO,05/07/2018 12:09,08/12/2017 13:40,1
530,161,ESPOSO(A),MUJER,62,AMA DE CASA,NO ESTUDIA,NO,NO,NO POSEE GANADO,05/07/2018 12:09,08/12/2017 13:41,1
531,162,PADRE,HOMBRE,33,CAMPESINO,NO ESTUDIA,SI,SI,PORCINOS,05/07/2018 12:09,08/12/2017 14:45,1
532,162,ESPOSO(A),MUJER,33,AMA DE CASA,NO ESTUDIA,NO,NO,NO POSEE GANADO,05/07/2018 12:09,08/12/2017 14:47,1
533,162,HIJO(A),MUJER,14,ESTUDIANTE,BACHILLERATO,NO,NO,NO POSEE GANADO,05/07/2018 12:09,08/12/2017 14:48,1
534,162,HIJO(A),MUJER,12,ESTUDIANTE,SECUNDARIA,0,0,0,05/07/2018 12:09,08/12/2017 15:01,1
535,162,HIJO(A),MUJER,7,ESTUDIANTE,PRIMARIA,NO,NO,NO POSEE GANADO,05/07/2018 12:09,08/12/2017 15:02,1
536,162,HIJO(A),MUJER,6,OTROS,NO ESTUDIA,AVECES,0,0,05/07/2018 12:09,08/12/2017 15:03,1
537,163,PADRE,HOMBRE,53,CAMPESINO,NO ESTUDIA,SI,SI,NO POSEE GANADO,05/07/2018 12:09,08/12/2017 18:11,1
538,163,ESPOSO(A),MUJER,43,AMA DE CASA,NO ESTUDIA,NO,NO,NO POSEE GANADO,05/07/2018 12:09,08/12/2017 18:12,1
539,163,HIJO(A),MUJER,18,ESTUDIANTE,UNIVERSIDAD,NO,NO,NO POSEE GANADO,05/07/2018 12:09,08/12/2017 18:13,1
540,163,HIJO(A),HOMBRE,16,ESTUDIANTE,SECUNDARIA,0,0,0,05/07/2018 12:09,08/12/2017 18:14,1
541,164,PADRE,HOMBRE,43,CAMPESINO,NO ESTUDIA,SI,NO,NO POSEE GANADO,05/07/2018 12:09,08/12/2017 20:09,1
542,164,ESPOSO(A),MUJER,0,OTROS,NO ESTUDIA,NO,NO,NO POSEE GANADO,05/07/2018 12:09,08/12/2017 20:10,1
543,164,HIJO(A),MUJER,10,ESTUDIANTE,PRIMARIA,NO,NO,NO POSEE GANADO,05/07/2018 12:09,08/12/2017 20:11,1
544,164,HIJO(A),MUJER,8,ESTUDIANTE,PRIMARIA,NO,NO,NO POSEE GANADO,05/07/2018 12:09,08/12/2017 20:14,1
545,158,ESPOSO(A),HOMBRE,59,CAMPESINO,NO ESTUDIA,SI,NO,NO POSEE GANADO,05/07/2018 12:09,08/12/2017 20:33,1
546,158,ESPOSO(A),MUJER,56,AMA DE CASA,NO ESTUDIA,NO,NO,AVES DE CORRAL,05/07/2018 12:09,08/12/2017 20:34,1
547,165,ESPOSO(A),HOMBRE,80,OTROS,NO ESTUDIA,NO,NO,NO POSEE GANADO,05/07/2018 12:09,08/12/2017 21:14,1
548,165,ESPOSO(A),MUJER,76,AMA DE CASA,NO ESTUDIA,NO,NO,NO POSEE GANADO,05/07/2018 12:09,08/12/2017 21:15,1
567,166,INDEFINIDO,HOMBRE,70,CAMPESINO,NO ESTUDIA,SI,0,BOVINOS,05/07/2018 12:09,7/24/2017 18:29,1
568,166,ESPOSO(A),MUJER,69,AMA DE CASA,NO ESTUDIA,AVECES,0,0,05/07/2018 12:09,7/24/2017 18:32,1
569,166,HIJO(A),MUJER,39,AMA DE CASA,NO ESTUDIA,AVECES,0,0,05/07/2018 12:09,7/24/2017 18:33,1
570,167,INDEFINIDO,HOMBRE,83,CAMPESINO,NO ESTUDIA,SI,0,0,05/07/2018 12:09,7/24/2017 19:29,1
571,168,INDEFINIDO,HOMBRE,68,CAMPESINO,NO ESTUDIA,SI,0,BOVINOS,05/07/2018 12:09,7/24/2017 20:29,1
572,168,ESPOSO(A),MUJER,65,AMA DE CASA,NO ESTUDIA,AVECES,0,0,05/07/2018 12:09,7/24/2017 20:31,1
573,169,INDEFINIDO,HOMBRE,80,CAMPESINO,NO ESTUDIA,SI,0,0,05/07/2018 12:09,7/24/2017 21:04,1
574,169,ESPOSO(A),MUJER,81,AMA DE CASA,NO ESTUDIA,AVECES,0,0,05/07/2018 12:09,7/24/2017 21:05,1
575,170,INDEFINIDO,HOMBRE,80,CAMPESINO,NO ESTUDIA,SI,0,BOVINOS,05/07/2018 12:09,7/25/2017 3:55,1
576,171,INDEFINIDO,HOMBRE,52,CAMPESINO,NO ESTUDIA,SI,0,BOVINOS,05/07/2018 12:09,7/25/2017 4:36,1
577,171,ESPOSO(A),MUJER,49,AMA DE CASA,NO ESTUDIA,AVECES,0,0,05/07/2018 12:09,7/25/2017 4:36,1
578,171,HIJO(A),HOMBRE,24,CAMPESINO,NO ESTUDIA,SI,0,0,05/07/2018 12:09,7/25/2017 4:38,1
579,171,HIJO(A),HOMBRE,19,CAMPESINO,NO ESTUDIA,SI,0,0,05/07/2018 12:09,7/25/2017 4:39,1
580,171,HIJO(A),MUJER,16,OTROS,BACHILLERATO,0,0,0,05/07/2018 12:09,7/25/2017 4:40,1
581,172,INDEFINIDO,HOMBRE,66,CAMPESINO,NO ESTUDIA,SI,0,BOVINOS,05/07/2018 12:09,7/25/2017 16:27,1
582,172,ESPOSO(A),MUJER,62,AMA DE CASA,NO ESTUDIA,NO,0,NO POSEE GANADO,05/07/2018 12:09,7/25/2017 16:27,1
583,173,INDEFINIDO,HOMBRE,76,CAMPESINO,NO ESTUDIA,SI,0,BOVINOS,05/07/2018 12:09,7/25/2017 17:28,1
584,173,ESPOSO(A),MUJER,75,AMA DE CASA,NO ESTUDIA,AVECES,0,0,05/07/2018 12:09,7/25/2017 17:28,1
585,174,INDEFINIDO,MUJER,51,CAMPESINO,NO ESTUDIA,SI,0,0,05/07/2018 12:09,7/25/2017 18:18,1
586,175,INDEFINIDO,HOMBRE,57,CAMPESINO,NO ESTUDIA,SI,0,BOVINOS,05/07/2018 12:09,7/25/2017 19:02,1
587,175,ESPOSO(A),MUJER,57,AMA DE CASA,NO ESTUDIA,AVECES,0,0,05/07/2018 12:09,7/25/2017 19:03,1
682,230,PADRE,HOMBRE,40,CAMPESINO,PRIMARIA,SI,0,0,05/07/2018 12:09,8/27/2017 19:05,1
683,230,MADRE,MUJER,38,AMA DE CASA,NO ESTUDIA,AVECES,0,AVES DE CORRAL,05/07/2018 12:09,8/27/2017 19:06,1
684,230,HIJO(A),HOMBRE,10,OTROS,PRIMARIA,0,0,0,05/07/2018 12:09,8/27/2017 19:07,1
685,230,HIJO(A),MUJER,8,OTROS,PRIMARIA,0,0,0,05/07/2018 12:09,8/27/2017 19:08,1
686,230,HIJO(A),HOMBRE,8,OTROS,NO ESTUDIA,AVECES,0,0,05/07/2018 12:09,8/27/2017 19:09,1
691,231,PADRE,HOMBRE,30,CAMPESINO,NO ESTUDIA,SI,0,0,05/07/2018 12:09,8/27/2017 20:08,1
692,231,MADRE,MUJER,30,AMA DE CASA,NO ESTUDIA,AVECES,0,0,05/07/2018 12:09,8/27/2017 20:08,1
693,231,SOBRINO(A),MUJER,72,AMA DE CASA,NO ESTUDIA,AVECES,0,0,05/07/2018 12:09,8/27/2017 20:09,1
694,232,PADRE,HOMBRE,76,CAMPESINO,NO ESTUDIA,SI,0,0,05/07/2018 12:09,8/27/2017 20:32,1
695,232,MADRE,HOMBRE,65,AMA DE CASA,NO ESTUDIA,AVECES,0,AVES DE CORRAL,05/07/2018 12:09,8/27/2017 20:33,1
696,232,INDEFINIDO,HOMBRE,34,OTROS,PRIMARIA,0,SI,0,05/07/2018 12:09,8/27/2017 20:34,1
697,176,PADRE,HOMBRE,57,CAMPESINO,NO ESTUDIA,AVECES,0,BOVINOS Y PORCINOS,05/07/2018 12:09,8/27/2017 21:59,1
698,176,MADRE,MUJER,52,OTROS,NO ESTUDIA,AVECES,0,AVES DE CORRAL,05/07/2018 12:09,8/27/2017 22:00,1
699,176,SOBRINO(A),MUJER,76,AMA DE CASA,NO ESTUDIA,AVECES,0,0,05/07/2018 12:09,8/27/2017 22:00,1
700,176,HIJO(A),MUJER,24,OTROS,NO ESTUDIA,AVECES,0,0,05/07/2018 12:09,8/27/2017 22:02,1
701,233,PADRE,HOMBRE,59,CAMPESINO,NO ESTUDIA,SI,0,BOVINOS,05/07/2018 12:09,8/27/2017 23:25,1
702,233,MADRE,MUJER,56,AMA DE CASA,NO ESTUDIA,AVECES,SI,0,05/07/2018 12:09,8/27/2017 23:26,1
704,234,PADRE,HOMBRE,70,CAMPESINO,NO ESTUDIA,SI,0,BOVINOS Y PORCINOS,05/07/2018 12:09,8/27/2017 23:55,1
705,234,MADRE,MUJER,64,AMA DE CASA,NO ESTUDIA,AVECES,0,AVES DE CORRAL,05/07/2018 12:09,8/27/2017 23:56,1
706,234,HIJO(A),HOMBRE,25,CAMPESINO,NO ESTUDIA,SI,0,0,05/07/2018 12:09,8/27/2017 23:57,1
712,235,PADRE,HOMBRE,80,CAMPESINO,NO ESTUDIA,SI,0,0,05/07/2018 12:09,8/28/2017 0:24,1
713,235,MADRE,MUJER,80,AMA DE CASA,NO ESTUDIA,AVECES,0,AVES DE CORRAL,05/07/2018 12:09,8/28/2017 0:24,1
714,237,PADRE,HOMBRE,63,CAMPESINO,NO ESTUDIA,SI,SI,0,05/07/2018 12:09,8/28/2017 1:11,1
715,237,MADRE,MUJER,53,AMA DE CASA,NO ESTUDIA,AVECES,0,AVES DE CORRAL,05/07/2018 12:09,8/28/2017 1:12,1
716,237,HIJO(A),MUJER,17,AMA DE CASA,NO ESTUDIA,AVECES,0,0,05/07/2018 12:09,8/28/2017 1:12,1
717,237,HIJO(A),HOMBRE,16,CAMPESINO,NO ESTUDIA,SI,0,0,05/07/2018 12:09,8/28/2017 1:13,1
718,238,PADRE,HOMBRE,54,CAMPESINO,NO ESTUDIA,SI,SI,PORCINOS Y EQUINOS,05/07/2018 12:09,8/28/2017 1:53,1
719,238,MADRE,MUJER,51,AMA DE CASA,NO ESTUDIA,AVECES,0,0,05/07/2018 12:09,8/28/2017 1:54,1
720,238,HIJO(A),HOMBRE,22,CAMPESINO,NO ESTUDIA,SI,0,0,05/07/2018 12:09,8/28/2017 1:54,1
721,238,HIJO(A),HOMBRE,20,CAMPESINO,NO ESTUDIA,SI,0,0,05/07/2018 12:09,8/28/2017 1:55,1
722,239,PADRE,HOMBRE,56,CAMPESINO,NO ESTUDIA,SI,0,PORCINOS,05/07/2018 12:09,8/28/2017 2:21,1
723,239,MADRE,MUJER,55,AMA DE CASA,NO ESTUDIA,AVECES,0,0,05/07/2018 12:09,8/28/2017 2:22,1
724,239,HIJO(A),MUJER,16,OTROS,NO ESTUDIA,AVECES,0,0,05/07/2018 12:09,8/28/2017 2:22,1
725,239,HIJO(A),MUJER,7,OTROS,PRIMARIA,0,0,0,05/07/2018 12:09,8/28/2017 2:23,1
726,239,HIJO(A),MUJER,5,OTROS,NO ESTUDIA,AVECES,0,0,05/07/2018 12:09,8/28/2017 2:23,1
751,245,INDEFINIDO,HOMBRE,68,CAMPESINO,NO ESTUDIA,SI,0,0,05/07/2018 12:09,8/30/2017 4:33,1
752,245,ESPOSO(A),MUJER,64,OTROS,NO ESTUDIA,AVECES,0,0,05/07/2018 12:09,8/30/2017 4:33,1
753,246,INDEFINIDO,HOMBRE,65,CAMPESINO,NO ESTUDIA,SI,0,0,05/07/2018 12:09,8/30/2017 5:26,1
754,246,ESPOSO(A),MUJER,70,AMA DE CASA,NO ESTUDIA,AVECES,0,0,05/07/2018 12:09,8/30/2017 5:27,1
755,246,HIJO(A),HOMBRE,38,CAMPESINO,NO ESTUDIA,SI,0,0,05/07/2018 12:09,8/30/2017 5:30,1
756,246,HIJO(A),HOMBRE,36,CAMPESINO,NO ESTUDIA,SI,0,0,05/07/2018 12:09,8/30/2017 5:33,1
757,247,INDEFINIDO,HOMBRE,35,CAMPESINO,NO ESTUDIA,SI,0,0,05/07/2018 12:09,8/30/2017 6:12,1
758,247,ESPOSO(A),MUJER,34,AMA DE CASA,NO ESTUDIA,AVECES,0,0,05/07/2018 12:09,8/30/2017 6:13,1
759,247,HIJO(A),HOMBRE,14,OTROS,SECUNDARIA,0,0,0,05/07/2018 12:09,8/30/2017 6:13,1
760,247,HIJO(A),HOMBRE,8,OTROS,PRIMARIA,0,0,0,05/07/2018 12:09,8/30/2017 6:14,1
761,248,INDEFINIDO,HOMBRE,58,CAMPESINO,NO ESTUDIA,SI,0,0,05/07/2018 12:09,8/30/2017 7:06,1
762,248,ESPOSO(A),MUJER,62,AMA DE CASA,NO ESTUDIA,AVECES,0,0,05/07/2018 12:09,8/30/2017 7:07,1
763,248,HIJO(A),HOMBRE,26,CAMPESINO,NO ESTUDIA,SI,0,0,05/07/2018 12:09,8/30/2017 7:08,1
764,248,HIJO(A),MUJER,36,AMA DE CASA,NO ESTUDIA,AVECES,0,0,05/07/2018 12:09,8/30/2017 7:08,1
765,248,HIJO(A),HOMBRE,10,OTROS,PRIMARIA,0,0,0,05/07/2018 12:09,8/30/2017 7:09,1
766,249,INDEFINIDO,HOMBRE,86,CAMPESINO,NO ESTUDIA,SI,0,0,05/07/2018 12:09,8/30/2017 7:41,1
767,250,INDEFINIDO,HOMBRE,62,CAMPESINO,NO ESTUDIA,SI,0,BOVINOS,05/07/2018 12:09,8/31/2017 21:37,1
768,250,ESPOSO(A),MUJER,59,OTROS,NO ESTUDIA,AVECES,0,0,05/07/2018 12:09,8/31/2017 21:38,1
769,250,HIJO(A),HOMBRE,17,OTROS,BACHILLERATO,0,0,0,05/07/2018 12:09,8/31/2017 21:39,1
770,250,HIJO(A),HOMBRE,24,TRABAJA EN TIENDA,NO ESTUDIA,AVECES,0,0,05/07/2018 12:09,8/31/2017 21:39,1
771,251,INDEFINIDO,MUJER,44,CAMPESINO,NO ESTUDIA,SI,0,BOVINOS,05/07/2018 12:09,8/31/2017 22:10,1
772,251,MADRE,MUJER,75,OTROS,NO ESTUDIA,AVECES,0,0,05/07/2018 12:09,8/31/2017 22:10,1
773,252,INDEFINIDO,HOMBRE,42,CAMPESINO,NO ESTUDIA,SI,0,0,05/07/2018 12:09,09/03/2017 21:46,1
774,252,ESPOSO(A),MUJER,32,OTROS,NO ESTUDIA,AVECES,0,0,05/07/2018 12:09,09/03/2017 21:46,1
775,252,HIJO(A),MUJER,13,OTROS,SECUNDARIA,0,0,0,05/07/2018 12:09,09/03/2017 21:47,1
776,252,HIJO(A),HOMBRE,10,OTROS,PRIMARIA,0,0,0,05/07/2018 12:09,09/03/2017 21:48,1
777,253,INDEFINIDO,HOMBRE,64,CAMPESINO,NO ESTUDIA,SI,0,0,05/07/2018 12:09,09/03/2017 22:49,1
778,253,ESPOSO(A),MUJER,61,OTROS,NO ESTUDIA,AVECES,0,0,05/07/2018 12:09,09/03/2017 22:50,1
779,253,HIJO(A),HOMBRE,13,OTROS,SECUNDARIA,0,0,0,05/07/2018 12:09,09/03/2017 22:51,1
780,254,INDEFINIDO,HOMBRE,67,CAMPESINO,NO ESTUDIA,SI,0,0,05/07/2018 12:09,09/03/2017 23:42,1
781,254,ESPOSO(A),MUJER,63,OTROS,NO ESTUDIA,AVECES,0,0,05/07/2018 12:09,09/03/2017 23:42,1
782,255,INDEFINIDO,HOMBRE,85,CAMPESINO,NO ESTUDIA,SI,0,0,05/07/2018 12:09,09/04/2017 00:53,1
783,255,ESPOSO(A),MUJER,84,OTROS,NO ESTUDIA,AVECES,0,0,05/07/2018 12:09,09/04/2017 00:53,1
784,256,INDEFINIDO,HOMBRE,74,CAMPESINO,NO ESTUDIA,SI,0,0,05/07/2018 12:09,09/04/2017 01:34,1
785,256,ESPOSO(A),MUJER,63,OTROS,NO ESTUDIA,AVECES,0,0,05/07/2018 12:09,09/04/2017 01:34,1
786,257,INDEFINIDO,HOMBRE,47,ALBAÑIL,NO ESTUDIA,SI,0,0,05/07/2018 12:09,09/04/2017 02:25,1
787,257,ESPOSO(A),MUJER,48,OTROS,NO ESTUDIA,AVECES,0,0,05/07/2018 12:09,09/04/2017 02:26,1
788,257,HIJO(A),HOMBRE,10,OTROS,PRIMARIA,0,0,0,05/07/2018 12:09,09/04/2017 02:26,1
789,257,HIJO(A),MUJER,8,OTROS,PRIMARIA,0,0,0,05/07/2018 12:09,09/04/2017 02:27,1
790,258,INDEFINIDO,HOMBRE,58,CAMPESINO,NO ESTUDIA,SI,0,0,05/07/2018 12:09,09/04/2017 03:28,1
791,258,ESPOSO(A),MUJER,58,OTROS,NO ESTUDIA,AVECES,0,0,05/07/2018 12:09,09/04/2017 03:29,1
792,258,SOBRINO(A),MUJER,60,OTROS,NO ESTUDIA,AVECES,0,0,05/07/2018 12:09,09/04/2017 03:30,1
793,258,HIJO(A),MUJER,25,OTROS,NO ESTUDIA,AVECES,0,0,05/07/2018 12:09,09/04/2017 03:30,1
